Document Text,year,location
"
History



Acts 2013, No. 1074, §  1; 2015, No. 1162, §§ 4, 5.


Arkansas Code of 1987 Annotated Official Edition
Copyright © 2025 by the State of Arkansas All rights reserved",2013,Arkansas
"
History



Acts 2021, No. 872, §  1.


Arkansas Code of 1987 Annotated Official Edition
Copyright © 2025 by the State of Arkansas All rights reserved",2021,Arkansas
"
History



Acts 1979, No. 5, § 2; A.S.A. 1947, § 19-5602; Acts 2001, No. 988, § 1; 2003, No. 366, § 3; 2007, No. 236, § 1; 2009, No. 163, § 5.


Arkansas Code of 1987 Annotated Official Edition
Copyright © 2025 by the State of Arkansas All rights reserved
Previous
Next",1979,Arkansas
"
History



Acts 1983, No. 9, § 2; 1985, No. 929, § 1; A.S.A. 1947, § 82-4402.


Arkansas Code of 1987 Annotated Official Edition
Copyright © 2025 by the State of Arkansas All rights reserved",1983,Arkansas
"
History



Acts 2019, No. 910, §  2411.


Arkansas Code of 1987 Annotated Official Edition
Copyright © 2025 by the State of Arkansas All rights reserved",2019,Arkansas
"
History



Acts 1983, No. 377, § 3; A.S.A. 1947, § 53-1503; Acts 2007, No. 554, § 3; 2017, No. 271, § 12; 2019, No. 315, § 1261; 2019, No. 910, § 3180.


Arkansas Code of 1987 Annotated Official Edition
Copyright © 2025 by the State of Arkansas All rights reserved
Previous
Next",1983,Arkansas
"
History



Acts 2005, No. 1761, § 1; 2013, No. 554, § 6; 2019, No. 507, § 4.


Arkansas Code of 1987 Annotated Official Edition
Copyright © 2025 by the State of Arkansas All rights reserved",2005,Arkansas
"
History



Acts 1979, No. 5, § 11; A.S.A. 1947, § 19-5611.


Arkansas Code of 1987 Annotated Official Edition
Copyright © 2025 by the State of Arkansas All rights reserved",1979,Arkansas
"
History



Acts 1973, No. 164, §§ 14, 18; 1977, No. 866, § 1; A.S.A. 1947, §§ 73-276.13, 73-276.17; Acts 2011, No. 910, § 5; 2019, No. 315, § 2476.


Arkansas Code of 1987 Annotated Official Edition
Copyright © 2025 by the State of Arkansas All rights reserved",1973,Arkansas
"
History



Acts 2015, No. 1275, §  1.


Arkansas Code of 1987 Annotated Official Edition
Copyright © 2025 by the State of Arkansas All rights reserved",2015,Arkansas
"
History



Acts 2003, No. 855, § 1; 2019, No. 386, § 33.


Arkansas Code of 1987 Annotated Official Edition
Copyright © 2025 by the State of Arkansas All rights reserved",2003,Arkansas
"
History



Acts 2023, No. 278, § 1.


Arkansas Code of 1987 Annotated Official Edition
Copyright © 2025 by the State of Arkansas All rights reserved",2023,Arkansas
"
History



Acts 2005, No. 1963, § 1.


Arkansas Code of 1987 Annotated Official Edition
Copyright © 2025 by the State of Arkansas All rights reserved
Previous
Next",2005,Arkansas
"
History



Acts 1987, No. 796, § 1.


Arkansas Code of 1987 Annotated Official Edition
Copyright © 2025 by the State of Arkansas All rights reserved
Previous
Next",1987,Arkansas
"
History



Acts 1981, No. 7, § 3; A.S.A. 1947, § 5-938; Acts 1997, No. 540, § 35; 2017, No. 271, § 6; 2019, No. 910, § 3055.


Arkansas Code of 1987 Annotated Official Edition
Copyright © 2025 by the State of Arkansas All rights reserved",1981,Arkansas
"
History



Acts 2015, No. 725, § 3; 2021, No. 404, § 3; 2021, No. 894, § 3.


Arkansas Code of 1987 Annotated Official Edition
Copyright © 2025 by the State of Arkansas All rights reserved",2015,Arkansas
"
History



Acts 2023, No. 278, § 1.


Arkansas Code of 1987 Annotated Official Edition
Copyright © 2025 by the State of Arkansas All rights reserved",2023,Arkansas
"
History



Acts 1977, No. 402, § 6; A.S.A. 1947, § 19-5406; Acts 1999, No. 1164, § 128; 2019, No. 315, § 1023; 2019, No. 910, § 3040.


Arkansas Code of 1987 Annotated Official Edition
Copyright © 2025 by the State of Arkansas All rights reserved",1977,Arkansas
"
History



Acts 2003, No. 366, § 1.


Arkansas Code of 1987 Annotated Official Edition
Copyright © 2025 by the State of Arkansas All rights reserved",2003,Arkansas
"
History



Acts 1971, No. 92, § 13; A.S.A. 1947, § 70-913; Acts 1991, No. 1177, § 3; 1995, No. 836, § 6; 2017, No. 986, § 1.


Arkansas Code of 1987 Annotated Official Edition
Copyright © 2025 by the State of Arkansas All rights reserved",1971,Arkansas
"
History



Acts 2023, No. 11, § 1.


Arkansas Code of 1987 Annotated Official Edition
Copyright © 2025 by the State of Arkansas All rights reserved",2023,Arkansas
"Arkansas Code of 1987 Annotated Official Edition
Copyright © 2025 by the State of Arkansas All rights reserved",Repealed,Arkansas
"
History



Acts 1937, No. 342, § 12; Pope's Dig., § 2326; A.S.A. 1947, § 77-1112; Acts 1999, No. 1556, § 16.


Arkansas Code of 1987 Annotated Official Edition
Copyright © 2025 by the State of Arkansas All rights reserved",1937,Arkansas
"
History



Acts 2013, No. 1252, § 1; 2015, No. 1060, § 18; 2015, No. 1149, § 6.


Arkansas Code of 1987 Annotated Official Edition
Copyright © 2025 by the State of Arkansas All rights reserved
Previous
Next",2013,Arkansas
"
History



Acts 1973, No. 164, § 5; 1977, No. 866, § 1; A.S.A. 1947, § 73-276.4; Acts 1999, No. 1556, § 9; 2001, No. 324, §§ 7, 8; 2003, No. 204, §§ 12, 13; 2007, No. 658, § 3; 2009, No. 164, § 7; 2011, No. 910, § 6; 2013, No. 1133, § 5; 2019, No. 315, § 2478.


Arkansas Code of 1987 Annotated Official Edition
Copyright © 2025 by the State of Arkansas All rights reserved",1973,Arkansas
"
History



Acts 1985, No. 1062, § 6.00; 1986 (2nd Ex. Sess.), No. 18, § 2; A.S.A. 1947, § 13-2906; Acts 1987, No. 900, § 5; 2007, No. 593, § 2; 2013, No. 1252, § 4; 2017, No. 824, § 10.


Arkansas Code of 1987 Annotated Official Edition
Copyright © 2025 by the State of Arkansas All rights reserved",1985,Arkansas
"
History



Acts 1973, No. 164, § 5; 1977, No. 866, § 1; A.S.A. 1947, § 73-276.4; Acts 1997, No. 540, § 88; 1999, No. 1164, § 180; 1999, No. 1351, § 1; 2011, No. 910, § 7; 2017, No. 707, § 265; 2019, No. 315, §§ 2479, 2480; 2019, No. 910, § 3242.


Arkansas Code of 1987 Annotated Official Edition
Copyright © 2025 by the State of Arkansas All rights reserved",1973,Arkansas
"
History



Acts 2007, No. 873, § 1; 2009, No. 977, § 4; 2019, No. 910, § 55.


Arkansas Code of 1987 Annotated Official Edition
Copyright © 2025 by the State of Arkansas All rights reserved",2007,Arkansas
"Arkansas Code of 1987 Annotated Official Edition
Copyright © 2025 by the State of Arkansas All rights reserved
Previous
Next",Repealed,Arkansas
"
History



Acts 1971, No. 285, § 2; A.S.A. 1947, § 73-1909; Acts 1991, No. 793, § 2; 1999, No. 1048, § 1; 2001, No. 153, § 1; 2009, No. 452, § 2.


Arkansas Code of 1987 Annotated Official Edition
Copyright © 2025 by the State of Arkansas All rights reserved",1971,Arkansas
"
History



Acts 1979, No. 8, §§ 1, 2; A.S.A. 1947, §§ 4-1201, 4-1202; Acts 1991, No. 15, § 1; 1991, No. 995, § 2; 1992 (1st Ex. Sess.), No. 32, § 1; 1993, No. 517, § 2; 1995, No. 1330, § 1; 2001, No. 627, § 3; 2003, No. 24, § 2; 2003, No. 380, § 1; 2003, No. 1473, § 19.


Arkansas Code of 1987 Annotated Official Edition
Copyright © 2025 by the State of Arkansas All rights reserved",1979,Arkansas
"
History



Acts 2021, No. 1100, § 1.


Arkansas Code of 1987 Annotated Official Edition
Copyright © 2025 by the State of Arkansas All rights reserved",2021,Arkansas
"
History



Acts 1997, No. 816, § 2; 2011, No. 859, § 12.


Arkansas Code of 1987 Annotated Official Edition
Copyright © 2025 by the State of Arkansas All rights reserved",1997,Arkansas
"
History



Acts 1983, No. 377, § 2; A.S.A. 1947, § 53-1502; Acts 2007, No. 554, §§ 1, 2; 2017, No. 271, §§ 10, 11; 2019, No. 910, §§ 3178, 3179.


Arkansas Code of 1987 Annotated Official Edition
Copyright © 2025 by the State of Arkansas All rights reserved",1983,Arkansas
"
History



Acts 2005, No. 1770, § 1.


Arkansas Code of 1987 Annotated Official Edition
Copyright © 2025 by the State of Arkansas All rights reserved",2005,Arkansas
"
History



Acts 2021, No. 594, §  4.


Arkansas Code of 1987 Annotated Official Edition
Copyright © 2025 by the State of Arkansas All rights reserved",2021,Arkansas
"
History



Acts 2019, No. 790, § 3.


Arkansas Code of 1987 Annotated Official Edition
Copyright © 2025 by the State of Arkansas All rights reserved",2019,Arkansas
"
History



Acts 1971, No. 237, § 7; 1983, No. 667, § 1; A.S.A. 1947, § 82-2707; Acts 1991, No. 751, § 3; 1997, No. 1219, § 8; 1999, No. 1164, § 62; 2019, No. 315, §§ 531­537; 2019, No. 910, §§ 2600­2607; 2019, No. 980, § 1.


Arkansas Code of 1987 Annotated Official Edition
Copyright © 2025 by the State of Arkansas All rights reserved",1971,Arkansas
"
History



Acts 1965, No. 31, § 11; 1983, No. 691, § 9; A.S.A. 1947, §§ 53-701.1, 53-710; Acts 1999, No. 1577, § 3; 2001, No. 440, § 2; 2007, No. 733, § 3; 2019, No. 910, § 3181.


Arkansas Code of 1987 Annotated Official Edition
Copyright © 2025 by the State of Arkansas All rights reserved",1965,Arkansas
"
History



Acts 1985, No. 479, § 8; A.S.A. 1947, § 82-4719; Acts 1987, No. 761, § 4; 1989, No. 441, § 2; 2005, No. 1824, § 3; 2019, No. 910, §§ 2764, 2765.


Arkansas Code of 1987 Annotated Official Edition
Copyright © 2025 by the State of Arkansas All rights reserved",1985,Arkansas
"
History



Acts 2003, No. 204, § 11; 2007, No. 648, § 1; 2019, No. 315, §§ 2472, 2473.


Arkansas Code of 1987 Annotated Official Edition
Copyright © 2025 by the State of Arkansas All rights reserved",2003,Arkansas
"
History



Acts 1999, No. 1316, § 1; 2019, No. 910, §§ 3020, 3021.


Arkansas Code of 1987 Annotated Official Edition
Copyright © 2025 by the State of Arkansas All rights reserved",1999,Arkansas
"
History



Acts 2001, No. 449, § 2; 2019, No. 315, §§ 638­643.


Arkansas Code of 1987 Annotated Official Edition
Copyright © 2025 by the State of Arkansas All rights reserved",2001,Arkansas
"
History



Acts 2007, No. 755, § 1; 2011, No. 735, § 1.


Arkansas Code of 1987 Annotated Official Edition
Copyright © 2025 by the State of Arkansas All rights reserved",2007,Arkansas
"
History



Acts 1983, No. 9, § 1; A.S.A. 1947, § 82-4401; Acts 1991, No. 847, § 1.


Arkansas Code of 1987 Annotated Official Edition
Copyright © 2025 by the State of Arkansas All rights reserved",1983,Arkansas
"
History



Acts 1971, No. 285, § 4; A.S.A. 1947, § 73-1911; Acts 2019, No. 315, § 2460.


Arkansas Code of 1987 Annotated Official Edition
Copyright © 2025 by the State of Arkansas All rights reserved",1971,Arkansas
"
History



Acts 2003, No. 1287, § 1; 2005, No. 2223, § 1; 2015, No. 1149, § 1.


Arkansas Code of 1987 Annotated Official Edition
Copyright © 2025 by the State of Arkansas All rights reserved",2003,Arkansas
"Arkansas Code of 1987 Annotated Official Edition
Copyright © 2025 by the State of Arkansas All rights reserved
Previous
Next",Repealed,Arkansas
"
History



Acts 1935, No. 324, § 9; Pope's Dig., § 2072; A.S.A. 1947, § 73-203; Acts 2007, No. 647, § 1; 2023, No. 560, § 1.


Arkansas Code of 1987 Annotated Official Edition
Copyright © 2025 by the State of Arkansas All rights reserved",1935,Arkansas
"
History



Acts 2013, No. 532, §  1; 2015, No. 1149, §§ 7, 8; 2017, No. 851, § 9; 2019, No. 910, §§ 3058, 3059.


Arkansas Code of 1987 Annotated Official Edition
Copyright © 2025 by the State of Arkansas All rights reserved",2013,Arkansas
"
History



Acts 2019, No. 910, §  2.


Arkansas Code of 1987 Annotated Official Edition
Copyright © 2025 by the State of Arkansas All rights reserved
Previous
Next",2019,Arkansas
"
History



Acts 1981 (1st Ex. Sess.), No. 39, § 2; A.S.A. 1947, § 73-217n.


Arkansas Code of 1987 Annotated Official Edition
Copyright © 2025 by the State of Arkansas All rights reserved",1981,Arkansas
"
History



Acts 1979, No. 134, § 3; A.S.A. 1947, § 52-937; Acts 2019, No. 315, §§ 1172, 1173.


Arkansas Code of 1987 Annotated Official Edition
Copyright © 2025 by the State of Arkansas All rights reserved
Previous
Next",1979,Arkansas
"
History



Acts 2013, No. 280, § 1.


Arkansas Code of 1987 Annotated Official Edition
Copyright © 2025 by the State of Arkansas All rights reserved",2013,Arkansas
"
History



Acts 2023, No. 259, § 1.


Arkansas Code of 1987 Annotated Official Edition
Copyright © 2025 by the State of Arkansas All rights reserved",2021,Arkansas
"
History



Acts 1977, No. 748, § 4; A.S.A. 1947, § 73-2504.


Arkansas Code of 1987 Annotated Official Edition
Copyright © 2025 by the State of Arkansas All rights reserved
Previous
Next",1977,Arkansas
"Arkansas Code of 1987 Annotated Official Edition
Copyright © 2025 by the State of Arkansas All rights reserved",Repealed,Arkansas
"
History



Acts 1949, No. 472, [Part 2], § 7, as added by Acts 1965, No. 183, § 7; 1983, No. 657, § 1; 1985, No. 763, § 1; A.S.A. 1947, § 82-1937; Acts 1995, No. 907, § 1; 1997, No. 1219, § 6; 2019, No. 693, § 9; 2019, No. 910, § 2524.


Arkansas Code of 1987 Annotated Official Edition
Copyright © 2025 by the State of Arkansas All rights reserved",1949,Arkansas
"
History



Acts 2015, No. 1275, §  1.


Arkansas Code of 1987 Annotated Official Edition
Copyright © 2025 by the State of Arkansas All rights reserved",2015,Arkansas
"
History



Acts 2001, No. 1291, § 10; 2013, No. 1130, § 9.


Arkansas Code of 1987 Annotated Official Edition
Copyright © 2025 by the State of Arkansas All rights reserved",2001,Arkansas
"
History



Acts 1979, No. 5, § 7; A.S.A. 1947, § 19-5607.


Arkansas Code of 1987 Annotated Official Edition
Copyright © 2025 by the State of Arkansas All rights reserved",1979,Arkansas
"
History



Acts 2023, No. 411, §  1.


Arkansas Code of 1987 Annotated Official Edition
Copyright © 2025 by the State of Arkansas All rights reserved
Previous
Next",2023,Arkansas
"
History



Acts 1981, No. 53, § 6; A.S.A. 1947, § 13-2406.


Arkansas Code of 1987 Annotated Official Edition
Copyright © 2025 by the State of Arkansas All rights reserved",1981,Arkansas
"Arkansas Code of 1987 Annotated Official Edition
Copyright © 2025 by the State of Arkansas All rights reserved
Previous
Next",Reserved,Arkansas
"
History



Acts 1981 (Ex. Sess.), No. 17, § 2; A.S.A. 1947, § 19-5802.


Arkansas Code of 1987 Annotated Official Edition
Copyright © 2025 by the State of Arkansas All rights reserved
Previous
Next",1981,Arkansas
"
History



Acts 2013, No. 1252, § 1.


Arkansas Code of 1987 Annotated Official Edition
Copyright © 2025 by the State of Arkansas All rights reserved",2013,Arkansas
"
History



Acts 1973, No. 164, § 2; 1977, No. 866, § 1; A.S.A. 1947, § 73-276.1; Acts 2011, No. 910, § 1.


Arkansas Code of 1987 Annotated Official Edition
Copyright © 2025 by the State of Arkansas All rights reserved",1973,Arkansas
"
History



Acts 2007, No. 739, § 1.


Arkansas Code of 1987 Annotated Official Edition
Copyright © 2025 by the State of Arkansas All rights reserved",2007,Arkansas
"
History



Acts 2013, No. 1074, §  1; 2015, No. 1162, § 6.


Arkansas Code of 1987 Annotated Official Edition
Copyright © 2025 by the State of Arkansas All rights reserved",2013,Arkansas
"
History



Acts 1999, No. 1545, § 5; 2005, No. 2265, § 1.


Arkansas Code of 1987 Annotated Official Edition
Copyright © 2025 by the State of Arkansas All rights reserved",1999,Arkansas
"
History



Acts 2021, No. 594, §  4; 2023, No. 845, §§ 6, 7.


Arkansas Code of 1987 Annotated Official Edition
Copyright © 2025 by the State of Arkansas All rights reserved",2021,Arkansas
"
History



Acts 2009, No. 1494, § 1; 2017, No. 271, § 24; 2019, No. 674, § 11; 2019, No. 910, §§ 3236, 3237.


Arkansas Code of 1987 Annotated Official Edition
Copyright © 2025 by the State of Arkansas All rights reserved",2009,Arkansas
"
History



Acts 2013, No. 280, § 1; 2019, No. 910, § 1997.


Arkansas Code of 1987 Annotated Official Edition
Copyright © 2025 by the State of Arkansas All rights reserved",2013,Arkansas
"
History



Acts 1973, No. 164, § 9; 1977, No. 866, § 1; A.S.A. 1947, § 73-276.8; Acts 1999, No. 1556, § 10; 2001, No. 324, §§ 9, 10; 2003, No. 204, §§ 14, 15; 2007, No. 658, § 5; 2009, No. 164, § 8; 2011, No. 910, § 9; 2013, No. 1133, § 6; 2019, No. 315, § 2482.


Arkansas Code of 1987 Annotated Official Edition
Copyright © 2025 by the State of Arkansas All rights reserved",1973,Arkansas
"
History



Acts 1981 (1st Ex. Sess.), No. 39, § 4; A.S.A. 1947, § 73-217n.


Arkansas Code of 1987 Annotated Official Edition
Copyright © 2025 by the State of Arkansas All rights reserved",1981,Arkansas
"
History



Acts 1977, No. 748, § 1; A.S.A. 1947, § 73-2501.


Arkansas Code of 1987 Annotated Official Edition
Copyright © 2025 by the State of Arkansas All rights reserved",1977,Arkansas
"Arkansas Code of 1987 Annotated Official Edition
Copyright © 2025 by the State of Arkansas All rights reserved
Previous
Next",Repealed,Arkansas
"
History



Acts 1939, No. 194, § 2; 1949, No. 150, § 1; 1958 (2nd Ex. Sess.), No. 3, § 1; A.S.A. 1947, § 80-1002; Acts 1989, No. 105, § 1; 1993, No. 314, § 1; 1997, No. 962, § 1; 1997, No. 1307, § 10; 2005, No. 2156, § 1; 2011, No. 871, § 1.


Arkansas Code of 1987 Annotated Official Edition
Copyright © 2025 by the State of Arkansas All rights reserved
Previous
Next",1939,Arkansas
"
History



Acts 1979, No. 699, § 2; 1985, No. 678, § 1; A.S.A. 1947, § 82-2732; Acts 2005, No. 689, § 1; 2007, No. 599, § 1.


Arkansas Code of 1987 Annotated Official Edition
Copyright © 2025 by the State of Arkansas All rights reserved",1979,Arkansas
"
History



Acts 2015, No. 725, § 2; 2017, No. 334, § 3; 2021, No. 404, § 1; 2021, No. 894, § 1.


Arkansas Code of 1987 Annotated Official Edition
Copyright © 2025 by the State of Arkansas All rights reserved",2015,Arkansas
"
History



Acts 1939, No. 105, § 9; 1981, No. 523, § 2; A.S.A. 1947, § 53-109; Acts 2005, No. 137, § 1; 2019, No. 315, §§  1234, 1235.


Arkansas Code of 1987 Annotated Official Edition
Copyright © 2025 by the State of Arkansas All rights reserved",1939,Arkansas
"
History



Acts 2007, No. 641, § 1; 2023, No. 697, § 10.


Arkansas Code of 1987 Annotated Official Edition
Copyright © 2025 by the State of Arkansas All rights reserved",2007,Arkansas
"
History



Acts 2023, No. 278, § 2; 2023, No. 476, § 1.


Arkansas Code of 1987 Annotated Official Edition
Copyright © 2025 by the State of Arkansas All rights reserved",2023,Arkansas
"
History



Acts 2005, No. 1770, § 1.


Arkansas Code of 1987 Annotated Official Edition
Copyright © 2025 by the State of Arkansas All rights reserved
Previous
Next",2005,Arkansas
"
History



Acts 1975, No. 142, § 7; 1977, No. 446, § 3; 1981 (1st Ex. Sess.), No. 18, § 4; A.S.A. 1947, § 20-1707; Acts 1987, No. 47, § 1; 1991, No. 506, § 1; 2003, No. 549, § 1; 2003, No. 1772, § 3.


Arkansas Code of 1987 Annotated Official Edition
Copyright © 2025 by the State of Arkansas All rights reserved",1975,Arkansas
"
History



Acts 2015, No. 898, § 1.


Arkansas Code of 1987 Annotated Official Edition
Copyright © 2025 by the State of Arkansas All rights reserved",2015,Arkansas
"
History



Acts 1983, No. 796, §§ 1, 2; A.S.A. 1947, § 73-115.1.


Arkansas Code of 1987 Annotated Official Edition
Copyright © 2025 by the State of Arkansas All rights reserved
Previous
Next",1983,Arkansas
"
History



Acts 2015, No. 382, §  1; 2019, No. 315, §§ 446, 447; 2019, No. 910, §§ 2457-2460; 2019, No. 934, § 2; 2021, No. 639, § 2.


Arkansas Code of 1987 Annotated Official Edition
Copyright © 2025 by the State of Arkansas All rights reserved",2015,Arkansas
"Arkansas Code of 1987 Annotated Official Edition
Copyright © 2025 by the State of Arkansas All rights reserved
Previous
Next",Repealed,Arkansas
"
History



Acts 2005, No. 1770, § 1.


Arkansas Code of 1987 Annotated Official Edition
Copyright © 2025 by the State of Arkansas All rights reserved",2005,Arkansas
"
History



Acts 1979, No. 5, § 3; A.S.A. 1947, § 19-5603; Acts 2001, No. 988, § 2; 2003, No. 366, §§ 5, 6.


Arkansas Code of 1987 Annotated Official Edition
Copyright © 2025 by the State of Arkansas All rights reserved",1979,Arkansas
"
History



Acts 1939, No. 105, § 5; 1979, No. 113, § 2; 1983, No. 691, § 10; A.S.A. 1947, §§ 53-102.1, 53-105; Acts 2009, No. 1175, § 2; 2019, No. 315, §§ 1222, 1223; 2019, No. 910, § 3172.


Arkansas Code of 1987 Annotated Official Edition
Copyright © 2025 by the State of Arkansas All rights reserved",1939,Arkansas
"
History



Acts 2015, No. 1275, §  1.


Arkansas Code of 1987 Annotated Official Edition
Copyright © 2025 by the State of Arkansas All rights reserved",2015,Arkansas
"
History



Acts 2001, No. 1781, § 4; 2007, No. 1026, § 2; 2013, No. 1221, § 1; 2015, No. 827, §§ 2-6; 2019, No. 464, § 2; 2023, No. 278, § 1.


Arkansas Code of 1987 Annotated Official Edition
Copyright © 2025 by the State of Arkansas All rights reserved",2001,Arkansas
"
History



Acts 1949, No. 472, [Part 2], § 5, as added by Acts 1965, No. 183, § 7; A.S.A. 1947, § 82-1935; Acts 1993, No. 994, § 1; 1995, No. 895, § 4; 1997, No. 179, § 1; 1997, No. 1219, § 6; 1999, No. 1164, § 31; 2013, No. 1302, §§  2, 3; 2019, No. 315, §§ 490-499; 2019, No. 910, §§ 2527-2536.


Arkansas Code of 1987 Annotated Official Edition
Copyright © 2025 by the State of Arkansas All rights reserved",1949,Arkansas
"
History



Acts 2015, No. 1275, §  1.


Arkansas Code of 1987 Annotated Official Edition
Copyright © 2025 by the State of Arkansas All rights reserved
Previous
Next",2015,Arkansas
"
History



Acts 1981, No. 53, § 2; A.S.A. 1947, § 13-2402.


Arkansas Code of 1987 Annotated Official Edition
Copyright © 2025 by the State of Arkansas All rights reserved",1981,Arkansas
"
History



Acts 1977, No. 748, § 3; A.S.A. 1947, § 73-2503.


Arkansas Code of 1987 Annotated Official Edition
Copyright © 2025 by the State of Arkansas All rights reserved",1977,Arkansas
"
History



Acts 1969, No. 641, § 3; 1985, No. 822, § 1; A.S.A. 1947, § 21-2003; Acts 1987, No. 693, § 2; 2001, No. 1184, § 1; 2003, No. 297, § 1; 2019, No. 386, § 31; 2023, No. 691, § 117.


Arkansas Code of 1987 Annotated Official Edition
Copyright © 2025 by the State of Arkansas All rights reserved",1969,Arkansas
"
History



Acts 1975, No. 142, § 2; 1981, No. 231, § 1; 1981, No. 827, § 1; 1981 (Ex. Sess.), No. 18, § 1; A.S.A. 1947, §§ 20-1702, 20-1702.1.


Arkansas Code of 1987 Annotated Official Edition
Copyright © 2025 by the State of Arkansas All rights reserved",1975,Arkansas
"
History



Acts 1991, No. 751, § 4; 1993, No. 479, § 3; 1995, No. 547, § 6; 2009, No. 1220, § 1; 2019, No. 910, §§ 2609­2612.


Arkansas Code of 1987 Annotated Official Edition
Copyright © 2025 by the State of Arkansas All rights reserved
Previous
Next",1991,Arkansas
"
History



Acts 2009, No. 1494, § 1; 2017, No. 271, § 20; 2019, No. 910, § 3232.


Arkansas Code of 1987 Annotated Official Edition
Copyright © 2025 by the State of Arkansas All rights reserved",2009,Arkansas
"
History



Acts 1989, No. 849, § 3; 1989, No. 934, § 3; 1991, No. 755, § 1; 1993, No. 1127, § 3; 1995, No. 511, § 1; 1999, No. 1164, § 69; 2011, No. 819, § 2; 2019, No. 910, §§ 2625­2627; 2021, No. 74, §§ 3, 4.


Arkansas Code of 1987 Annotated Official Edition
Copyright © 2025 by the State of Arkansas All rights reserved",1989,Arkansas
"
History



Acts 2007, No. 641, § 1; 2023, No. 697, § 9.


Arkansas Code of 1987 Annotated Official Edition
Copyright © 2025 by the State of Arkansas All rights reserved
Previous
Next",2007,Arkansas
"
History



Acts 1981, No. 53, § 7; A.S.A. 1947, § 13-2407.


Arkansas Code of 1987 Annotated Official Edition
Copyright © 2025 by the State of Arkansas All rights reserved",1981,Arkansas
"
History



Acts 1975, No. 398, §§ 1, 2; A.S.A. 1947, §§ 80-3149, 80-3150.


Arkansas Code of 1987 Annotated Official Edition
Copyright © 2025 by the State of Arkansas All rights reserved",1975,Arkansas
"Arkansas Code of 1987 Annotated Official Edition
Copyright © 2025 by the State of Arkansas All rights reserved",1983,Arkansas
"
History



Acts 1935, No. 324, § 59; Pope's Dig., § 2119; Acts 1973, No. 410, § 1; 1981, No. 709, § 1; A.S.A. 1947, § 73-255; Acts 2015, No. 899, § 2.


Arkansas Code of 1987 Annotated Official Edition
Copyright © 2025 by the State of Arkansas All rights reserved",1935,Arkansas
"
History



Acts 1939, No. 105, § 4; A.S.A. 1947, § 53-104; Acts 2001, No. 1189, § 1; 2019, No. 910, § 3171.


Arkansas Code of 1987 Annotated Official Edition
Copyright © 2025 by the State of Arkansas All rights reserved",1939,Arkansas
"
History



Acts 2009, No. 1494, § 1; 2019, No. 674, § 2.


Arkansas Code of 1987 Annotated Official Edition
Copyright © 2025 by the State of Arkansas All rights reserved",2009,Arkansas
"
History



Acts 1983, No. 441, § 2; A.S.A. 1947, § 19-6002; Acts 2021, No. 903, §§ 2, 3.


Arkansas Code of 1987 Annotated Official Edition
Copyright © 2025 by the State of Arkansas All rights reserved",1983,Arkansas
"
History



Acts 2009, No. 950, § 2; 2013, No. 1233, §§ 1, 2; 2023, No. 805, § 1.


Arkansas Code of 1987 Annotated Official Edition
Copyright © 2025 by the State of Arkansas All rights reserved",2009,Arkansas
"
History



Acts 2009, No. 1494, § 1; 2011, No. 803, §§ 2-4; 2019, No. 674, §§ 4-6.


Arkansas Code of 1987 Annotated Official Edition
Copyright © 2025 by the State of Arkansas All rights reserved
Previous
Next",2009,Arkansas
"
History



Acts 2021, No. 694, § 1; 2023, No. 717, § 1.


Arkansas Code of 1987 Annotated Official Edition
Copyright © 2025 by the State of Arkansas All rights reserved",2021,Arkansas
"
History



Acts 2019, No. 910, §  2411.


Arkansas Code of 1987 Annotated Official Edition
Copyright © 2025 by the State of Arkansas All rights reserved",2019,Arkansas
"
History



Acts 2015, No. 1275, §  1; 2017, No. 271, § 4; 2019, No. 315, § 1010.


Arkansas Code of 1987 Annotated Official Edition
Copyright © 2025 by the State of Arkansas All rights reserved",2015,Arkansas
"
History



Acts 1993, No. 1119, § 2; 1995, No. 1160, § 41; 2019, No. 910, § 4302.


Arkansas Code of 1987 Annotated Official Edition
Copyright © 2025 by the State of Arkansas All rights reserved",1993,Arkansas
"
History



Acts 2013, No. 1074, §  1.


Arkansas Code of 1987 Annotated Official Edition
Copyright © 2025 by the State of Arkansas All rights reserved",2013,Arkansas
"
History



Acts 1955, No. 98, § 4; 1963, No. 78, §§ 1, 2; 1967, No. 109, § 1; 1973, No. 153, § 1; 1977, No. 431, § 1; 1983, No. 7, § 2; A.S.A. 1947, § 75-816; Acts 1992 (1st Ex. Sess.), No. 68, § 4; 1992 (1st Ex. Sess.), No. 69, § 4; 1993, No. 1021, § 1; 1997, No. 307, § 1; 2001, No. 1483, § 1; 2003, No. 331, § 1; 2003, No. 850, § 1; 2017, No. 619, §§ 3, 4; 2019, No. 315, § 3137.


Arkansas Code of 1987 Annotated Official Edition
Copyright © 2025 by the State of Arkansas All rights reserved",1955,Arkansas
"
History



Acts 1981, No. 319, § 6; A.S.A. 1947, § 53-138; Acts 2019, No. 315, § 1228; 2019, No. 910, § 3174.


Arkansas Code of 1987 Annotated Official Edition
Copyright © 2025 by the State of Arkansas All rights reserved
Previous
Next",1981,Arkansas
"
History



Acts 2005, No. 542, § 1.


Arkansas Code of 1987 Annotated Official Edition
Copyright © 2025 by the State of Arkansas All rights reserved",2005,Arkansas
"
History



Acts 2013, No. 1074, §  1; 2015, No. 1162, § 3.


Arkansas Code of 1987 Annotated Official Edition
Copyright © 2025 by the State of Arkansas All rights reserved",2013,Arkansas
"
History



Acts 2003, No. 366, § 1.


Arkansas Code of 1987 Annotated Official Edition
Copyright © 2025 by the State of Arkansas All rights reserved",2003,Arkansas
"
History



Acts 2015, No. 1275, §  1; 2017, No. 271, § 3; 2019, No. 315, § 1008.


Arkansas Code of 1987 Annotated Official Edition
Copyright © 2025 by the State of Arkansas All rights reserved",2015,Arkansas
"
History



Acts 2019, No. 910, §  2411; 2023, No. 697, § 21.


Arkansas Code of 1987 Annotated Official Edition
Copyright © 2025 by the State of Arkansas All rights reserved
Previous
Next",2019,Arkansas
"
History



Acts 1981, No. 53, § 10; A.S.A. 1947, § 13-2410.


Arkansas Code of 1987 Annotated Official Edition
Copyright © 2025 by the State of Arkansas All rights reserved",1981,Arkansas
"
History



Acts 2019, No. 910, §  2411; 2021, No. 413, § 5.


Arkansas Code of 1987 Annotated Official Edition
Copyright © 2025 by the State of Arkansas All rights reserved",2019,Arkansas
"
History



Acts 1981, No. 53, § 6; A.S.A. 1947, § 13-2406.


Arkansas Code of 1987 Annotated Official Edition
Copyright © 2025 by the State of Arkansas All rights reserved
Previous
Next",1981,Arkansas
"
History



Acts 1949, No. 472, [Part 1], § 3; A.S.A. 1947, § 82-1904; Acts 1993, No. 163, § 11; 1993, No. 165, § 11; 1997, No. 1219, § 5; 1999, No. 1164, § 19; 2019, No. 315, §§ 457, 458; 2019, No. 910, §§ 2480-2483.


Arkansas Code of 1987 Annotated Official Edition
Copyright © 2025 by the State of Arkansas All rights reserved",1949,Arkansas
"
History



Acts 2019, No. 416, § 6.


Arkansas Code of 1987 Annotated Official Edition
Copyright © 2025 by the State of Arkansas All rights reserved",2019,Arkansas
"
History



Acts 1979, No. 8, § 4; A.S.A. 1947, § 4-1204; Acts 1997, No. 1354, § 20.


Arkansas Code of 1987 Annotated Official Edition
Copyright © 2025 by the State of Arkansas All rights reserved
Previous
Next",1979,Arkansas
"
History



Acts 2013, No. 554, § 7; 2013, No. 1252, § 6.


Arkansas Code of 1987 Annotated Official Edition
Copyright © 2025 by the State of Arkansas All rights reserved
Previous
Next",2013,Arkansas
"
History



Acts 1973, No. 750, § 6; 1975, No. 868, §§ 4-7; 1977, No. 955, §§ 7-11; 1979, No. 1115, §§ 2, 9; 1981, No. 938, §§ 4-6; 1983, No. 801, § 9; 1985, No. 888, § 7; A.S.A. 1947, § 13-521; Acts 1989, No. 629, §§ 2, 3, 9; 1993, No. 324, § 3; 1993, No. 728, § 40; 1993, No. 911, § 10; 1993, No. 953, § 16; 1993, No. 1073, § 1; 1995, No. 158, § 22; 1995, No. 455, § 1; 1995, No. 1163, §§ 3-5, 28, 29; 1997, No. 156, § 3; 1997, No. 540, § 41; 1997, No. 1248, §§ 4, 5; 1999, No. 646, § 57; 1999, No. 935, § 6; 1999, No. 1164, § 157; 1999, No. 1323, § 48; 1999, No. 1463, §§ 2, 29; 1999, No. 1508, § 8; 2001, No. 577, § 2; 2001, No. 1646, §§ 2, 20; 2001, No. 1800, § 3; 2003 (1st Ex. Sess.), No. 25, § 15; 2003 (1st Ex. Sess.), No. 55, § 24; 2005, No. 2282, § 9; 2005, No. 2316, § 9; 2007, No. 1032, §§ 2, 3; 2007, No. 1201, §§ 2, 3; 2010, No. 297, § 3; 2011, No. 856, § 2; 2011, No. 1095, § 1; 2011, No. 1115, § 1; 2015, No. 1144, §§ 3, 4; 2015, No. 1145, §§ 3, 4; 2016, No. 242, § 2; 2016, No. 270, § 2; 2016 (3rd Ex. Sess.), No. 2, § 124; 2016 (3rd Ex. Sess.), No. 3, § 124; 2017, No. 707, §  49; 2017, No. 1083, §§ 2, 3; 2017, No. 1127, §§ 2, 3; 2019, No. 755, § 8; 2019, No. 873, § 23; 2019, No. 910, §§ 977-984; 2019, No. 1091, § 4; 2023, No. 539, §  3; 2023, No. 659, §  239.


Arkansas Code of 1987 Annotated Official Edition
Copyright © 2025 by the State of Arkansas All rights reserved",1981,Arkansas
"
History



Acts 2013, No. 1074, §  1.


Arkansas Code of 1987 Annotated Official Edition
Copyright © 2025 by the State of Arkansas All rights reserved",2013,Arkansas
"
History



Acts 2003 (2nd Ex. Sess.), No. 90, § 2; 2005, No. 1327, § 1; 2007, No. 751, § 2; 2007, No. 989, § 16; 2007, No. 1580, § 1; 2009, No. 1473, § 14; 2009, No. 1475, § 1; 2015, No. 722, § 1; 2015 (1st Ex. Sess.), No. 7, § 2; 2015 (1st Ex. Sess.), No. 8, § 2; 2019, No. 757, § 51; 2019, No. 910, §§ 1720, 1721; 2023, No. 365, §§ 7-10.


Arkansas Code of 1987 Annotated Official Edition
Copyright © 2025 by the State of Arkansas All rights reserved",2003,Arkansas
"
History



Acts 1985, No. 1062, § 3.00; A.S.A. 1947, § 13-2903; Acts 1987, No. 780, § 1; 1989, No. 836, §§ 1-3; 1995, No. 1117, § 1; 1999, No. 429, §§ 1, 2; 2001, No. 1734, §§ 1-3; 2001, No. 1791, § 10; 2003, No. 494, § 1; 2005, No. 1232, § 6; 2013, No. 1252, § 2; 2017, No. 374, § 15.


Arkansas Code of 1987 Annotated Official Edition
Copyright © 2025 by the State of Arkansas All rights reserved",1985,Arkansas
"
History



Acts 2019, No. 910, §  2.


Arkansas Code of 1987 Annotated Official Edition
Copyright © 2025 by the State of Arkansas All rights reserved",2019,Arkansas
"
History



Acts 2013, No. 280, § 1.


Arkansas Code of 1987 Annotated Official Edition
Copyright © 2025 by the State of Arkansas All rights reserved",2013,Arkansas
"
History



Acts 2009, No. 1494, § 1; 2019, No. 674, § 1.


Arkansas Code of 1987 Annotated Official Edition
Copyright © 2025 by the State of Arkansas All rights reserved",2009,Arkansas
"
History



Acts 2023, No. 411, §  1; 2023, No. 760, § 1.


Arkansas Code of 1987 Annotated Official Edition
Copyright © 2025 by the State of Arkansas All rights reserved",2023,Arkansas
"
History



Acts 2013, No. 1074, §  1.


Arkansas Code of 1987 Annotated Official Edition
Copyright © 2025 by the State of Arkansas All rights reserved",2013,Arkansas
"
History



Acts 2009, No. 661, § 1; 2019, No. 315, § 1091.


Arkansas Code of 1987 Annotated Official Edition
Copyright © 2025 by the State of Arkansas All rights reserved",2009,Arkansas
"
History



Acts 1987, No. 796, § 2.


Arkansas Code of 1987 Annotated Official Edition
Copyright © 2025 by the State of Arkansas All rights reserved
Previous
Next",1987,Arkansas
"
History



Acts 2013, No. 554, § 7; 2017, No. 271, § 15; 2019, No. 315, § 1800; 2019, No. 910, §  3208.


Arkansas Code of 1987 Annotated Official Edition
Copyright © 2025 by the State of Arkansas All rights reserved",2013,Arkansas
"
History



Acts 1979, No. 8, § 4; A.S.A. 1947, § 4-1204; Acts 1997, No. 1354, § 20.


Arkansas Code of 1987 Annotated Official Edition
Copyright © 2025 by the State of Arkansas All rights reserved",1979,Arkansas
"
History



Acts 1975, No. 142, § 3; 1977, No. 446, § 1; 1981, No. 52, § 2; 1981, No. 231, § 2; 1981, No. 703, § 1; 1981, No. 827, § 2; 1981 (Ex. Sess.), No. 18, § 2; 1981 (Ex. Sess.), No. 23, § 8(a); A.S.A. 1947, § 20-1703; Acts 1989, No. 55, § 2.


Arkansas Code of 1987 Annotated Official Edition
Copyright © 2025 by the State of Arkansas All rights reserved",1975,Arkansas
"
History



Acts 2005, No. 1761, § 1; 2013, No. 554, §§ 2-4; 2017, No. 271, § 14; 2019, No. 507, § 3.


Arkansas Code of 1987 Annotated Official Edition
Copyright © 2025 by the State of Arkansas All rights reserved",2005,Arkansas
"
History



Acts 2005, No. 1761, § 1; 2013, No. 554, § 5.


Arkansas Code of 1987 Annotated Official Edition
Copyright © 2025 by the State of Arkansas All rights reserved",2005,Arkansas
"
History



Acts 1973, No. 164, § 7; 1977, No. 866, § 1; A.S.A. 1947, § 73-276.6; Acts 2009, No. 752, § 1; 2011, No. 910, § 8.


Arkansas Code of 1987 Annotated Official Edition
Copyright © 2025 by the State of Arkansas All rights reserved",1973,Arkansas
"
History



Acts 2013, No. 1074, §  1.


Arkansas Code of 1987 Annotated Official Edition
Copyright © 2025 by the State of Arkansas All rights reserved",2013,Arkansas
"
History



Acts 2023, No. 693, § 1.


Arkansas Code of 1987 Annotated Official Edition
Copyright © 2025 by the State of Arkansas All rights reserved",2023,Arkansas
"
History



Acts 2005, No. 1761, § 1.


Arkansas Code of 1987 Annotated Official Edition
Copyright © 2025 by the State of Arkansas All rights reserved",2005,Arkansas
"
History



Acts 2021, No. 781, § 3.


Arkansas Code of 1987 Annotated Official Edition
Copyright © 2025 by the State of Arkansas All rights reserved
Previous
Next",2021,Arkansas
"
History



Acts 1985, No. 974, § 2; A.S.A. 1947, § 13-1262; Acts 1987, No. 58, § 1; 1987, No. 369, § 1; 1997, No. 208, § 12; 1997, No. 1130, § 1; 2005, No. 1551, § 7; 2005, No. 1980, § 1; 2011, No. 897, § 11; 2019, No. 383, §§ 18, 19; 2019, No. 703, § 3; 2019, No. 1090, §§ 1-3.


Arkansas Code of 1987 Annotated Official Edition
Copyright © 2025 by the State of Arkansas All rights reserved
Previous
Next",1985,Arkansas
"
History



Acts 2015, No. 1275, §  1.


Arkansas Code of 1987 Annotated Official Edition
Copyright © 2025 by the State of Arkansas All rights reserved",2015,Arkansas
"
History



Acts 1937, No. 342, § 25; Pope's Dig., § 2339; A.S.A. 1947, § 77-1125; Acts 2003, No. 334, § 1.


Arkansas Code of 1987 Annotated Official Edition
Copyright © 2025 by the State of Arkansas All rights reserved",1937,Arkansas
"
History



Acts 2013, No. 1078, §  1.


Arkansas Code of 1987 Annotated Official Edition
Copyright © 2025 by the State of Arkansas All rights reserved",2013,Arkansas
"
History



Acts 2013, No. 1074, §  1.


Arkansas Code of 1987 Annotated Official Edition
Copyright © 2025 by the State of Arkansas All rights reserved",2013,Arkansas
"
History



Acts 2015, No. 1275, §  1.


Arkansas Code of 1987 Annotated Official Edition
Copyright © 2025 by the State of Arkansas All rights reserved
Previous
Next",2015,Arkansas
"
History



Acts 1973, No. 164, § 15; 1977, No. 866, § 1; A.S.A. 1947, § 73-276.14; Acts 2019, No. 315, §§ 2483, 2484.


Arkansas Code of 1987 Annotated Official Edition
Copyright © 2025 by the State of Arkansas All rights reserved",1973,Arkansas
"
History



Acts 2009, No. 1494, § 1; 2011, No. 803, § 1; 2017, No. 271, § 16; 2019, No. 674, § 3; 2019, No. 910, § 3228.


Arkansas Code of 1987 Annotated Official Edition
Copyright © 2025 by the State of Arkansas All rights reserved",2009,Arkansas
"
History



Acts 1957, No. 386, § 1; A.S.A. 1947, § 82-1401; Acts 2019, No. 315, § 1095.


Arkansas Code of 1987 Annotated Official Edition
Copyright © 2025 by the State of Arkansas All rights reserved",1957,Arkansas
"
History



Acts 1985, No. 1062, §§ 4.00, 5.00; 1986 (2nd Ex. Sess.), No. 18, § 1; A.S.A. 1947, §§ 13-2904, 13-2905; Acts 1987, No. 900, §§ 2-4; 1989, No. 836, § 4; 2001, No. 1044, § 6; 2003, No. 494, § 2; 2007, No. 593, § 1; 2013, No. 1252, § 3; 2015, No. 1060, §§ 4-6; 2017, No. 824, §§ 3-9; 2019, No. 910, § 438.


Arkansas Code of 1987 Annotated Official Edition
Copyright © 2025 by the State of Arkansas All rights reserved",1985,Arkansas
"
History



Acts 1997, No. 962, § 4; 2001, No. 1717, § 1; 2003 (2nd Ex. Sess.), No. 58, § 3; 2005, No. 2156, § 3; 2007, No. 659, § 1; 2019, No. 507, §§ 1, 2.


Arkansas Code of 1987 Annotated Official Edition
Copyright © 2025 by the State of Arkansas All rights reserved
Previous
Next",1997,Arkansas
"
History



Acts 2015, No. 1275, §  1.


Arkansas Code of 1987 Annotated Official Edition
Copyright © 2025 by the State of Arkansas All rights reserved",2015,Arkansas
"
History



Acts 2009, No. 1494, § 1; 2017, No. 271, § 23; 2019, No. 256, § 7; 2019, No. 674, § 10; 2019, No. 910, § 3235.


Arkansas Code of 1987 Annotated Official Edition
Copyright © 2025 by the State of Arkansas All rights reserved",2009,Arkansas
"
History



Acts 2019, No. 416, § 7; 2021, No. 328, § 1; 2021, No. 376, § 2; 2021, No. 1093, § 1; 2023, No. 211, § 1.


Arkansas Code of 1987 Annotated Official Edition
Copyright © 2025 by the State of Arkansas All rights reserved",2019,Arkansas
"
History



Acts 1961 (2nd Ex. Sess.), No. 8, § 3; 1983, No. 19, §§ 3, 4; A.S.A. 1947, § 82-1514; Acts 1987, No. 504, § 1; 1995, No. 796, § 1; 2019, No. 315, § 2003­2009; 2019, No. 389, §§ 36­38; 2019, No. 910, § 5018; 2021, No. 268, § 2.


Arkansas Code of 1987 Annotated Official Edition
Copyright © 2025 by the State of Arkansas All rights reserved",1961,Arkansas
"
History



Acts 1991, No. 749, § 1; 2001, No. 94, § 1; 2019, No. 315, § 682; 2019, No. 910, § 2854.


Arkansas Code of 1987 Annotated Official Edition
Copyright © 2025 by the State of Arkansas All rights reserved",1991,Arkansas
"
History



Acts 2009, No. 1494, § 1.


Arkansas Code of 1987 Annotated Official Edition
Copyright © 2025 by the State of Arkansas All rights reserved",2009,Arkansas
"
History



Acts 2019, No. 464, § 3; 2023, No. 278, § 1.


Arkansas Code of 1987 Annotated Official Edition
Copyright © 2025 by the State of Arkansas All rights reserved",2019,Arkansas
"
History



Acts 1979, No. 699, § 6; 1985, No. 678, § 4; A.S.A. 1947, § 82-2736; Acts 2003, No. 342, § 1; 2021, No. 677, § 2.


Arkansas Code of 1987 Annotated Official Edition
Copyright © 2025 by the State of Arkansas All rights reserved",1979,Arkansas
"
History



Acts 1939, No. 194, § 3; 1949, No. 150, § 2; 1969, No. 76, § 1; 1977, No. 494, § 1; 1981, No. 550, § 1; 1983, No. 438, § 1; 1985, No. 223, § 1; A.S.A. 1947, § 80-1003; Acts 1989, No. 105, §§ 2, 3; 1991, No. 401, § 15; 1993, No. 314, § 2; 1995, No. 233, § 11; 1997, No. 962, §§ 2, 3; 1997, No. 1265, § 1; 1997, No. 1329, § 2; 2001, No. 1220, §§ 8-10; 2003, No. 840, § 1; 2003, No. 1754, §§ 1, 2; 2003 (2nd Ex. Sess.), No. 58, §§ 1, 2; 2005, No. 1866, § 1; 2005, No. 2005, § 1; 2005, No. 2121, §§ 12, 23; 2005, No. 2156, § 2; 2005, No. 2177, § 1; 2006 (1st Ex. Sess.), No. 22, §§ 1-3; 2006 (1st Ex. Sess.), No. 23, §§ 1-3; 2007, No. 827, §§ 114, 115; 2009, No. 1469, § 9; 2013, No. 1073, § 32; 2015, No. 846, § 10; 2017, No. 741, § 4; 2019, No. 315, § 273; 2019, No. 910, §§  1593-1597.


Arkansas Code of 1987 Annotated Official Edition
Copyright © 2025 by the State of Arkansas All rights reserved",1939,Arkansas
"
History



Acts 1987, No. 110, § 3.


Arkansas Code of 1987 Annotated Official Edition
Copyright © 2025 by the State of Arkansas All rights reserved",1987,Arkansas
"
History



Acts 2009, No. 1494, § 1; 2017, No. 271, § 22; 2019, No. 315, §§ 2363, 2364; 2019, No. 674, § 9; 2019, No. 910, § 3234.


Arkansas Code of 1987 Annotated Official Edition
Copyright © 2025 by the State of Arkansas All rights reserved
Previous
Next",2009,Arkansas
"
History



Acts 2015, No. 1275, §  1.


Arkansas Code of 1987 Annotated Official Edition
Copyright © 2025 by the State of Arkansas All rights reserved",2015,Arkansas
"
History



Acts 1961, No. 429, § 3; A.S.A. 1947, § 9-1103.


Arkansas Code of 1987 Annotated Official Edition
Copyright © 2025 by the State of Arkansas All rights reserved
Previous
Next",1961,Arkansas
"
History



Acts 2021, No. 308, § 1.


Arkansas Code of 1987 Annotated Official Edition
Copyright © 2025 by the State of Arkansas All rights reserved
Previous
Next",2021,Arkansas
"
History



Acts 2009, No. 1494, § 1; 2017, No. 271, § 21; 2019, No. 674, § 8; 2019, No. 910, § 3233.


Arkansas Code of 1987 Annotated Official Edition
Copyright © 2025 by the State of Arkansas All rights reserved",2009,Arkansas
"
History



Acts 1981, No. 53, § 9; A.S.A. 1947, § 13-2409.


Arkansas Code of 1987 Annotated Official Edition
Copyright © 2025 by the State of Arkansas All rights reserved",1981,Arkansas
"
History



Acts 2005, No. 1770, § 1.


Arkansas Code of 1987 Annotated Official Edition
Copyright © 2025 by the State of Arkansas All rights reserved
Previous
Next",2005,Arkansas
"
History



Acts 1993, No. 951, § 8; 2019, No. 693, § 24; 2019, No. 910, § 2826.


Arkansas Code of 1987 Annotated Official Edition
Copyright © 2025 by the State of Arkansas All rights reserved",1993,Arkansas
"
History



Acts 2015, No. 1275, §  1.


Arkansas Code of 1987 Annotated Official Edition
Copyright © 2025 by the State of Arkansas All rights reserved",2015,Arkansas
"
History



Acts 1945, No. 40, § 3; 1949, No. 262, § 7; A.S.A. 1947, § 73-248; Acts 1987, No. 831, § 1; 2017, No. 707, § 106.


Arkansas Code of 1987 Annotated Official Edition
Copyright © 2025 by the State of Arkansas All rights reserved
Previous
Next",1945,Arkansas
"
History



Acts 1981, No. 53, § 5; A.S.A. 1947, § 13-2405.


Arkansas Code of 1987 Annotated Official Edition
Copyright © 2025 by the State of Arkansas All rights reserved",1981,Arkansas
"
History



Acts 2005, No. 660, § 1; 2013, No. 1138, § 27; 2019, No. 910, §§ 1323-1326.


Arkansas Code of 1987 Annotated Official Edition
Copyright © 2025 by the State of Arkansas All rights reserved",2005,Arkansas
"
History



Acts 1999, No. 1323, § 58; 2001, No. 1288, § 25; 2009, No. 787, § 3; 2011, No. 1122, § 6; 2015, No. 892, § 5; 2019, No. 369, § 5; 2019, No. 910, §§ 623, 624; 2019, No. 1079, § 2; 2023, No. 648, §§ 1, 2; 2023, No. 786, § 56.


Arkansas Code of 1987 Annotated Official Edition
Copyright © 2025 by the State of Arkansas All rights reserved
Previous
Next",1999,Arkansas
"
History



Acts 1973, No. 876, § 12; 1977, No. 813, § 1; 1979, No. 833, §§ 1, 2; 1981, No. 741, § 1; 1981, No. 924, § 1; 1983, No. 628, § 1; 1985, No. 365, §§ 2, 3, 12; A.S.A. 1947, § 13-338; Acts 1987, No. 646, § 2; 1997, No. 342, § 40; 1997, No. 1211, § 29; 2001, No. 163, § 1; 2001, No. 1453, § 11; 2013, No. 554, § 1; 2013, No. 1252, § 5; 2019, No. 315, § 1710; 2019, No. 910, §§  6080, 6081.


Arkansas Code of 1987 Annotated Official Edition
Copyright © 2025 by the State of Arkansas All rights reserved",1973,Arkansas
"
History



Acts 2021, No. 694, § 1.


Arkansas Code of 1987 Annotated Official Edition
Copyright © 2025 by the State of Arkansas All rights reserved",2021,Arkansas
"
History



Acts 1945, No. 40, § 3; A.S.A. 1947, §§ 73-249, 73-250; Acts 1987, No. 831, § 2; 2017, No. 707, § 107.


Arkansas Code of 1987 Annotated Official Edition
Copyright © 2025 by the State of Arkansas All rights reserved",1945,Arkansas
"
History



Acts 2005, No. 2247, § 1.


Arkansas Code of 1987 Annotated Official Edition
Copyright © 2025 by the State of Arkansas All rights reserved
Previous
Next",2005,Arkansas
"
History



Acts 1957, No. 386, § 4; A.S.A. 1947, § 82-1404; Acts 1997, No. 540, § 37; 2019, No. 315, § 1097.


Arkansas Code of 1987 Annotated Official Edition
Copyright © 2025 by the State of Arkansas All rights reserved",1957,Arkansas
"
History



Acts 1989, No. 172, § 2; 1991, No. 594, § 1; 1993, No. 810, § 2; 2005, No. 671, § 1; 2007, No. 264, § 2; 2019, No. 315, §§ 644, 645; 2019, No. 910, §§ 2782­2786; 2023, No. 841, § 7.


Arkansas Code of 1987 Annotated Official Edition
Copyright © 2025 by the State of Arkansas All rights reserved",1989,Arkansas
"
History



Acts 1961, No. 429, § 2; 1979, No. 1112, § 2; A.S.A. 1947, § 9-1102; Acts 1997, No. 1357, § 2; 2013, No. 1287, § 3.


Arkansas Code of 1987 Annotated Official Edition
Copyright © 2025 by the State of Arkansas All rights reserved",1961,Arkansas
"
History



Acts 1981, No. 53, § 6; A.S.A. 1947, § 13-2406.


Arkansas Code of 1987 Annotated Official Edition
Copyright © 2025 by the State of Arkansas All rights reserved",1981,Arkansas
"
History



Acts 1975, No. 389, § 4; A.S.A. 1947, § 77-254; Acts 1995, No. 85, § 1; 1995, No. 110, § 1; 2019, No. 389, § 35.


Arkansas Code of 1987 Annotated Official Edition
Copyright © 2025 by the State of Arkansas All rights reserved",1975,Arkansas
"Arkansas Code of 1987 Annotated Official Edition
Copyright © 2025 by the State of Arkansas All rights reserved",Repealed,Arkansas
"
History



Acts 2007, No. 1597, § 1.


Arkansas Code of 1987 Annotated Official Edition
Copyright © 2025 by the State of Arkansas All rights reserved
Previous
Next",2007,Arkansas
"
History



Acts 1961, No. 429, § 1; 1967, No. 236, § 1; 1979, No. 1112, § 1; A.S.A. 1947, § 9-1101.


Arkansas Code of 1987 Annotated Official Edition
Copyright © 2025 by the State of Arkansas All rights reserved",1961,Arkansas
"
History



Acts 1977, No. 647, §§ 1, 2; A.S.A. 1947, §§ 53-614, 53-615.


Arkansas Code of 1987 Annotated Official Edition
Copyright © 2025 by the State of Arkansas All rights reserved
Previous
Next",1977,Arkansas
"
History



Acts 2013, No. 1074, §  1.


Arkansas Code of 1987 Annotated Official Edition
Copyright © 2025 by the State of Arkansas All rights reserved",2013,Arkansas
"
History



Acts 2023, No. 411, §  1.


Arkansas Code of 1987 Annotated Official Edition
Copyright © 2025 by the State of Arkansas All rights reserved",2023,Arkansas
"
History



Acts 2021, No. 594, §  4; 2023, No. 845, §§ 2-5.


Arkansas Code of 1987 Annotated Official Edition
Copyright © 2025 by the State of Arkansas All rights reserved",2021,Arkansas
"
History



Acts 2019, No. 416, § 6.


Arkansas Code of 1987 Annotated Official Edition
Copyright © 2025 by the State of Arkansas All rights reserved",2019,Arkansas
"
History



Acts 1987, No. 328, § 1.


Arkansas Code of 1987 Annotated Official Edition
Copyright © 2025 by the State of Arkansas All rights reserved",1987,Arkansas
"
History



Acts 2013, No. 1074, §  1; 2015, No. 1162, § 8.


Arkansas Code of 1987 Annotated Official Edition
Copyright © 2025 by the State of Arkansas All rights reserved",2013,Arkansas
"
History



Acts 1935, No. 324, § 58; Pope's Dig., § 2118; A.S.A. 1947, § 73-254; Acts 2015, No. 899, § 1; 2019, No. 315, § 2378.


Arkansas Code of 1987 Annotated Official Edition
Copyright © 2025 by the State of Arkansas All rights reserved",1935,Arkansas
"
History



Acts 1957, No. 386, § 5; A.S.A. 1947, § 82-1405.


Arkansas Code of 1987 Annotated Official Edition
Copyright © 2025 by the State of Arkansas All rights reserved",1957,Arkansas
"
History



Acts 2023, No. 259, § 1.


Arkansas Code of 1987 Annotated Official Edition
Copyright © 2025 by the State of Arkansas All rights reserved",2023,Arkansas
"
History



Acts 2019, No. 416, § 7; 2021, No. 328, § 1; 2021, No. 1093, § 1.


Arkansas Code of 1987 Annotated Official Edition
Copyright © 2025 by the State of Arkansas All rights reserved",2019,Arkansas
"
History



Acts 1979, No. 937, § 2; A.S.A. 1947, § 53-1302; Acts 2015, No. 89, § 1; 2017, No. 374, § 43.


Arkansas Code of 1987 Annotated Official Edition
Copyright © 2025 by the State of Arkansas All rights reserved",1979,Arkansas
"Arkansas Code of 1987 Annotated Official Edition
Copyright © 2025 by the State of Arkansas All rights reserved
Previous
Next",1977,Arkansas
"Arkansas Code of 1987 Annotated Official Edition
Copyright © 2025 by the State of Arkansas All rights reserved
Previous
Next",Repealed,Arkansas
"
History



Acts 2023, No. 504, § 1.


Arkansas Code of 1987 Annotated Official Edition
Copyright © 2025 by the State of Arkansas All rights reserved",2023,Arkansas
"
History



Acts 2015, No. 1275, §  1.


Arkansas Code of 1987 Annotated Official Edition
Copyright © 2025 by the State of Arkansas All rights reserved",2015,Arkansas
"
History



Acts 1971, No. 237, § 3; A.S.A. 1947, § 82-2703; Acts 1991, No. 751, §§ 1, 2; 1995, No. 547, § 1; 1999, No. 1164, § 61; 2011, No. 1153, § 1; 2013, No. 1127, §§ 5, 6; 2019, No. 910, §§ 2589, 2590; 2019, No. 1067, § 2; 2021, No. 74, §§ 1, 2; 2021, No. 1095, §§ 2, 3.


Arkansas Code of 1987 Annotated Official Edition
Copyright © 2025 by the State of Arkansas All rights reserved",1971,Arkansas
"
History



Acts 1909, No. 348, § 4, p. 1020; C. & M. Dig., § 4975; Pope's Dig., § 12224; A.S.A. 1947, § 9-401.1; Acts 2019, No. 910, § 3069; 2023, No. 697, § 6.


Arkansas Code of 1987 Annotated Official Edition
Copyright © 2025 by the State of Arkansas All rights reserved",1909,Arkansas
"
History



Acts 1981, No. 53, § 14; A.S.A. 1947, § 13-2414.


Arkansas Code of 1987 Annotated Official Edition
Copyright © 2025 by the State of Arkansas All rights reserved",1981,Arkansas
"
History



Acts 1981, No. 7, § 1; A.S.A. 1947, § 5-936.


Arkansas Code of 1987 Annotated Official Edition
Copyright © 2025 by the State of Arkansas All rights reserved
Previous
Next",1981,Arkansas
"
History



Acts 2007, No. 755, § 1; 2011, No. 735, § 2.


Arkansas Code of 1987 Annotated Official Edition
Copyright © 2025 by the State of Arkansas All rights reserved",2007,Arkansas
"
History



Acts 1981, No. 53, § 4; A.S.A. 1947, § 13-2404.


Arkansas Code of 1987 Annotated Official Edition
Copyright © 2025 by the State of Arkansas All rights reserved",1981,Arkansas
"
History



Acts 2013, No. 1074, §  1; 2015, No. 1162, § 2.


Arkansas Code of 1987 Annotated Official Edition
Copyright © 2025 by the State of Arkansas All rights reserved",2013,Arkansas
"
History



Acts 2013, No. 532, § 2; 2017, No. 271, § 13; 2017, No. 851, § 11; 2019, No. 910, § 3204.


Arkansas Code of 1987 Annotated Official Edition
Copyright © 2025 by the State of Arkansas All rights reserved
Previous
Next",2013,Arkansas
"
History



Acts 2013, No. 1074, §  1.


Arkansas Code of 1987 Annotated Official Edition
Copyright © 2025 by the State of Arkansas All rights reserved",2013,Arkansas
"
History



Acts 1961, No. 429, § 4; 1979, No. 1112, § 3; A.S.A. 1947, § 9-1104.


Arkansas Code of 1987 Annotated Official Edition
Copyright © 2025 by the State of Arkansas All rights reserved",1961,Arkansas
"
History



Acts 2007, No. 1045, § 1.


Arkansas Code of 1987 Annotated Official Edition
Copyright © 2025 by the State of Arkansas All rights reserved",2007,Arkansas
"
History



Acts 2003, No. 366, § 1.


Arkansas Code of 1987 Annotated Official Edition
Copyright © 2025 by the State of Arkansas All rights reserved
Previous
Next",2003,Arkansas
"
History



Acts 1981, No. 53, § 12; A.S.A. 1947, § 13-2412.


Arkansas Code of 1987 Annotated Official Edition
Copyright © 2025 by the State of Arkansas All rights reserved",1981,Arkansas
"
History



Acts 2019, No. 910, §  2411.


Arkansas Code of 1987 Annotated Official Edition
Copyright © 2025 by the State of Arkansas All rights reserved",2019,Arkansas
"
History



Acts 1977, No. 748, §§ 3, 5; A.S.A. 1947, §§ 73-2503, 73-2505; Acts 2013, No. 253, § 1; 2015, No. 78, § 1; 2017, No. 309, §§ 1, 2; 2017, No. 1102, §§ 2, 3; 2019, No. 910, § 3240.


Arkansas Code of 1987 Annotated Official Edition
Copyright © 2025 by the State of Arkansas All rights reserved",1977,Arkansas
"
History



Acts 2001, No. 1781, § 3; 2007, No. 1026, § 1; 2015, No. 827, § 1; 2019, No. 464, § 1; 2023, No. 278, § 1.


Arkansas Code of 1987 Annotated Official Edition
Copyright © 2025 by the State of Arkansas All rights reserved",2001,Arkansas
"
History



Acts 1991, No. 1230, § 1; 1993, No. 163, § 6; 1993, No. 165, § 6; 1999, No. 1164, § 8; 2017, No. 271, § 2; 2019, No. 315, § 436; 2019, No. 910, § 2431.


Arkansas Code of 1987 Annotated Official Edition
Copyright © 2025 by the State of Arkansas All rights reserved",1991,Arkansas
"
History



Acts 2023, No. 259, § 1.


Arkansas Code of 1987 Annotated Official Edition
Copyright © 2025 by the State of Arkansas All rights reserved
Previous
Next",2023,Arkansas
"
History



Acts 2007, No. 755, § 1; 2009, No. 164, § 9; 2011, No. 735, § 3.


Arkansas Code of 1987 Annotated Official Edition
Copyright © 2025 by the State of Arkansas All rights reserved",2007,Arkansas
"
History



Acts 1981, No. 53, § 11; A.S.A. 1947, § 13-2411.


Arkansas Code of 1987 Annotated Official Edition
Copyright © 2025 by the State of Arkansas All rights reserved",1981,Arkansas
"
History



Acts 2013, No. 1074, §  1.


Arkansas Code of 1987 Annotated Official Edition
Copyright © 2025 by the State of Arkansas All rights reserved",2013,Arkansas
"
History



Acts 2013, No. 1252, § 1.


Arkansas Code of 1987 Annotated Official Edition
Copyright © 2025 by the State of Arkansas All rights reserved",2013,Arkansas
"
History



Acts 2015, No. 1275, §  1.


Arkansas Code of 1987 Annotated Official Edition
Copyright © 2025 by the State of Arkansas All rights reserved",2015,Arkansas
"
History



Acts 2015, No. 1275, §  1.


Arkansas Code of 1987 Annotated Official Edition
Copyright © 2025 by the State of Arkansas All rights reserved",2015,Arkansas
"
History



Acts 1973, No. 164, § 3; 1977, No. 866, § 1; 1979, No. 245, § 1; A.S.A. 1947, § 73-276.2; Acts 1999, No. 1322, § 2; 2007, No. 658, § 1; 2011, No. 910, § 2; 2019, No. 315, § 2475.


Arkansas Code of 1987 Annotated Official Edition
Copyright © 2025 by the State of Arkansas All rights reserved",1973,Arkansas
"
History



Acts 2017, No. 912, § 1; 2019, No. 147, § 1; 2019, No. 910, §§ 6297-6299; 2019, No. 936, §§ 1, 2; 2021, No. 742, §§ 1-3; 2023, No. 634, § 1.


Arkansas Code of 1987 Annotated Official Edition
Copyright © 2025 by the State of Arkansas All rights reserved",2017,Arkansas
"
History



Acts 1963, No. 16, §§ 8, 9; A.S.A. 1947, §§ 9-400.7, 9-400.8; Acts 2019, No. 315, § 1153; 2019, No. 910, § 3068; 2023, No. 697, § 6.


Arkansas Code of 1987 Annotated Official Edition
Copyright © 2025 by the State of Arkansas All rights reserved",1963,Arkansas
"
History



Acts 1981, No. 53, § 6; A.S.A. 1947, § 13-2406.


Arkansas Code of 1987 Annotated Official Edition
Copyright © 2025 by the State of Arkansas All rights reserved",1981,Arkansas
"
History



Acts 1981, No. 53, § 13; A.S.A. 1947, § 13-2413.


Arkansas Code of 1987 Annotated Official Edition
Copyright © 2025 by the State of Arkansas All rights reserved",1981,Arkansas
"
History



Acts 1997, No. 959, § 2; 2021, No. 71, §§ 1, 2.


Arkansas Code of 1987 Annotated Official Edition
Copyright © 2025 by the State of Arkansas All rights reserved",1997,Arkansas
"
History



Acts 1957, No. 386, § 3; A.S.A. 1947, § 82-1403; Acts 2017, No. 707, §  33; 2019, No. 315, § 1096; 2019, No. 910, § 5405; 2023, No. 697, § 4.


Arkansas Code of 1987 Annotated Official Edition
Copyright © 2025 by the State of Arkansas All rights reserved",1957,Arkansas
"
History



Acts 1943, No. 302, § 1; A.S.A. 1947, § 53-127.


Arkansas Code of 1987 Annotated Official Edition
Copyright © 2025 by the State of Arkansas All rights reserved",1943,Arkansas
"
History



Acts 1935, No. 324, § 1; Pope's Dig., § 2064; Acts 1967, No. 234, § 4; 1973, No. 125, § 1; 1985, No. 455, § 1; 1985, No. 1084, § 1; A.S.A. 1947, § 73-201; Acts 1987 (1st Ex. Sess.), No. 37, §§ 1, 2; 1988 (4th Ex. Sess.), No. 21, § 1; 1989, No. 53, § 1; 1989, No. 952, § 1; 1991, No. 854, § 1; 1991, No. 1037, § 1; 1997, No. 305, § 1; 1999, No. 1322, § 1; 2013, No. 662, §§ 1-3; 2013, No. 1133, §§ 1, 2; 2015, No. 380, § 1; 2017, No. 285, § 1; 2017, No. 707, § 89; 2019, No. 391, § 1.


Arkansas Code of 1987 Annotated Official Edition
Copyright © 2025 by the State of Arkansas All rights reserved",1935,Arkansas
"Arkansas Code of 1987 Annotated Official Edition
Copyright © 2025 by the State of Arkansas All rights reserved",Repealed,Arkansas
"
History



Acts 2015, No. 1275, §  1.


Arkansas Code of 1987 Annotated Official Edition
Copyright © 2025 by the State of Arkansas All rights reserved
Previous
Next",2015,Arkansas
"
History



Acts 2013, No. 1252, § 1.


Arkansas Code of 1987 Annotated Official Edition
Copyright © 2025 by the State of Arkansas All rights reserved",2013,Arkansas
"
History



Acts 2013, No. 1074, §  1.


Arkansas Code of 1987 Annotated Official Edition
Copyright © 2025 by the State of Arkansas All rights reserved
Previous
Next",2013,Arkansas
"
History



Acts 2019, No. 847, § 1.


Arkansas Code of 1987 Annotated Official Edition
Copyright © 2025 by the State of Arkansas All rights reserved",2019,Arkansas
"
History



Acts 2024, No. 174, § 4.


Arkansas Code of 1987 Annotated Official Edition
Copyright © 2025 by the State of Arkansas All rights reserved",2024,Arkansas
"
History



Acts 2023, No. 411, §  1.


Arkansas Code of 1987 Annotated Official Edition
Copyright © 2025 by the State of Arkansas All rights reserved",2023,Arkansas
"
History



Acts 2007, No. 641, § 1; 2009, No. 481, § 7; 2023, No. 697, § 8.


Arkansas Code of 1987 Annotated Official Edition
Copyright © 2025 by the State of Arkansas All rights reserved",2007,Arkansas
"
History



Acts 1935, No. 324, § 57; Pope's Dig., § 2117; A.S.A. 1947, § 73-253; Acts 2003, No. 204, § 7; 2015, No. 736, § 1.


Arkansas Code of 1987 Annotated Official Edition
Copyright © 2025 by the State of Arkansas All rights reserved",1935,Arkansas
"
History



Acts 1983, No. 377, § 4; A.S.A. 1947, § 53-1504; Acts 2007, No. 554, § 4.


Arkansas Code of 1987 Annotated Official Edition
Copyright © 2025 by the State of Arkansas All rights reserved",1983,Arkansas
"
History



Acts 2013, No. 1074, §  1.


Arkansas Code of 1987 Annotated Official Edition
Copyright © 2025 by the State of Arkansas All rights reserved",2013,Arkansas
"
History



Acts 1983, No. 796, §§ 1, 2; A.S.A. 1947, § 73-115.1.


Arkansas Code of 1987 Annotated Official Edition
Copyright © 2025 by the State of Arkansas All rights reserved",1983,Arkansas
"
History



Acts 1981, No. 53, § 6; A.S.A. 1947, § 13-2406.


Arkansas Code of 1987 Annotated Official Edition
Copyright © 2025 by the State of Arkansas All rights reserved",1981,Arkansas
"
History



Acts 2013, No. 1252, § 1.


Arkansas Code of 1987 Annotated Official Edition
Copyright © 2025 by the State of Arkansas All rights reserved
Previous
Next",2013,Arkansas
"
History



Acts 1985, No. 1062, § 2.00; A.S.A. 1947, § 13-2902; Acts 1987, No. 900, § 1.


Arkansas Code of 1987 Annotated Official Edition
Copyright © 2025 by the State of Arkansas All rights reserved",1985,Arkansas
"
History



Acts 2001, No. 1439, § 1; 2003, No. 32, § 2; 2003, No. 204, § 3; 2005, No. 856, § 56; 2007, No. 342, §§ 26, 27; 2013, No. 138, §§ 1-4; 2021, No. 1078, § 1.


Arkansas Code of 1987 Annotated Official Edition
Copyright © 2025 by the State of Arkansas All rights reserved",2001,Arkansas
"
History



Acts 1993, No. 1273, § 1.


Arkansas Code of 1987 Annotated Official Edition
Copyright © 2025 by the State of Arkansas All rights reserved",1993,Arkansas
"
History



Acts 2021, No. 694, § 1.


Arkansas Code of 1987 Annotated Official Edition
Copyright © 2025 by the State of Arkansas All rights reserved
Previous
Next",2021,Arkansas
"
History



Acts 2013, No. 1074, §  1.


Arkansas Code of 1987 Annotated Official Edition
Copyright © 2025 by the State of Arkansas All rights reserved
Previous
Next",2013,Arkansas
"
History



Acts 2013, No. 1252, § 1.


Arkansas Code of 1987 Annotated Official Edition
Copyright © 2025 by the State of Arkansas All rights reserved",2013,Arkansas
"
History



Acts 1991, No. 752, § 4.


Arkansas Code of 1987 Annotated Official Edition
Copyright © 2025 by the State of Arkansas All rights reserved",1991,Arkansas
"
History



Acts 1979, No. 8, § 5; A.S.A. 1947, § 4-1205.


Arkansas Code of 1987 Annotated Official Edition
Copyright © 2025 by the State of Arkansas All rights reserved",1979,Arkansas
"
History



Acts 1983, No. 910, §§ 1, 2; A.S.A. 1947, §§ 73-277, 73-277.1; Acts 1987, No. 475, § 1; 1987 (1st Ex. Sess.), No. 44, § 1.


Arkansas Code of 1987 Annotated Official Edition
Copyright © 2025 by the State of Arkansas All rights reserved",1983,Arkansas
"
History



Acts 1981, No. 53, § 1; A.S.A. 1947, § 13-2401.


Arkansas Code of 1987 Annotated Official Edition
Copyright © 2025 by the State of Arkansas All rights reserved",1981,Arkansas
"
History



Acts 2023, No. 819, § 1.


Arkansas Code of 1987 Annotated Official Edition
Copyright © 2025 by the State of Arkansas All rights reserved",2023,Arkansas
"
History



Acts 1963, No. 189, § 1; 1977, No. 539, § 1; A.S.A. 1947, § 82-1801; Acts 1991, No. 1069, § 1; 1997, No. 208, § 21; 2005, No. 1813, § 1; 2019, No. 315, § 2063; 2019, No. 389, §§ 41, 42; 2019, No. 910, §§  5465, 5466.


Arkansas Code of 1987 Annotated Official Edition
Copyright © 2025 by the State of Arkansas All rights reserved",1963,Arkansas
"
History



Acts 2013, No. 1252, § 1.


Arkansas Code of 1987 Annotated Official Edition
Copyright © 2025 by the State of Arkansas All rights reserved
Previous
Next",2013,Arkansas
"
History



Acts 1981, No. 7, § 2; A.S.A. 1947, § 5-937; Acts 1997, No. 540, § 34; 2017, No. 271, § 5; 2019, No. 910, § 3054.


Arkansas Code of 1987 Annotated Official Edition
Copyright © 2025 by the State of Arkansas All rights reserved",1981,Arkansas
"
History



Acts 2013, No. 1252, § 1.


Arkansas Code of 1987 Annotated Official Edition
Copyright © 2025 by the State of Arkansas All rights reserved
Previous
Next",2013,Arkansas
"
History



Acts 2013, No. 1078, §  1.


Arkansas Code of 1987 Annotated Official Edition
Copyright © 2025 by the State of Arkansas All rights reserved",2013,Arkansas
"
History



Acts 2021, No. 877, § 1.


Arkansas Code of 1987 Annotated Official Edition
Copyright © 2025 by the State of Arkansas All rights reserved
Previous
Next",2021,Arkansas
"
History



Acts 2009, No. 434, § 1.


Arkansas Code of 1987 Annotated Official Edition
Copyright © 2025 by the State of Arkansas All rights reserved",2009,Arkansas
"
History



Acts 2013, No. 532, §  1; 2017, No. 851, § 1.


Arkansas Code of 1987 Annotated Official Edition
Copyright © 2025 by the State of Arkansas All rights reserved
Previous
Next",2013,Arkansas
"
History



Acts 1937, No. 342, § 4; Pope's Dig., § 2318; Acts 1955, No. 32, § 1; A.S.A. 1947, § 77-1104; Acts 1989, No. 288, § 1; 1999, No. 1556, §§ 13-15.


Arkansas Code of 1987 Annotated Official Edition
Copyright © 2025 by the State of Arkansas All rights reserved",1937,Arkansas
"
History



Acts 2015, No. 1275, §  1.


Arkansas Code of 1987 Annotated Official Edition
Copyright © 2025 by the State of Arkansas All rights reserved",2015,Arkansas
"
History



Acts 1981, No. 53, § 6; A.S.A. 1947, § 13-2406.


Arkansas Code of 1987 Annotated Official Edition
Copyright © 2025 by the State of Arkansas All rights reserved",1981,Arkansas
"
History



Acts 2021, No. 594, §  4.


Arkansas Code of 1987 Annotated Official Edition
Copyright © 2025 by the State of Arkansas All rights reserved",2021,Arkansas
"
History



Acts 1985, No. 871, §§ 3, 9; A.S.A. 1947, §§ 13-1241, 13-1247; Acts 1987, No. 368, § 1; 1988 (4th Ex. Sess.), No. 26, § 1; 1991, No. 645, § 1; 1991, No. 646, § 1; 1997, No. 208, § 11; 1997, No. 1176, § 1; 1999, No. 1137, § 1; 2003, No. 362, § 1; 2003, No. 1273, §§ 12, 76, 77; 2005, No. 1551, §§ 1-4; 2013, No. 1241, §§ 1, 2; 2017, No. 533, §§ 2-4; 2019, No. 703, § 1; 2019, No. 910, § 3380; 2019, No. 1072, § 3; 2023, No. 718, § 1.


Arkansas Code of 1987 Annotated Official Edition
Copyright © 2025 by the State of Arkansas All rights reserved",1985,Arkansas
"
History



Acts 1957, No. 386, § 2; A.S.A. 1947, § 82-1402.


Arkansas Code of 1987 Annotated Official Edition
Copyright © 2025 by the State of Arkansas All rights reserved",1957,Arkansas
"
History



Acts 2005, No. 1761, § 1.


Arkansas Code of 1987 Annotated Official Edition
Copyright © 2025 by the State of Arkansas All rights reserved
Previous
Next",2005,Arkansas
"
History



Acts 1953, No. 384, § 2; 1957, No. 80, § 1; 1965, No. 27, § 1; A.S.A. 1947, § 80-942; Acts 1989, No. 403, § 1; 1992 (1st Ex. Sess.), No. 53, § 1; 1994 (2nd Ex. Sess.), No. 49, § 1; 1997, No. 1265, § 2; 2001, No. 1220, § 12.


Arkansas Code of 1987 Annotated Official Edition
Copyright © 2025 by the State of Arkansas All rights reserved",1953,Arkansas
"
History



Acts 2013, No. 532, §  1; 2017, No. 271, § 9; 2017, No. 851, § 10; 2019, No. 910, §§ 3060, 3061.


Arkansas Code of 1987 Annotated Official Edition
Copyright © 2025 by the State of Arkansas All rights reserved",2013,Arkansas
"
History



Acts 1935, No. 324, §§ 8, 19; Pope's Dig., §§ 2071, 2082; A.S.A. 1947, §§ 73-202, 73-218; Acts 1993, No. 238, § 1; 2003, No. 204, § 6; 2017, No. 1102, § 1; 2019, No. 315, §§ 2372–2375; 2019, No. 910, § 3239.


Arkansas Code of 1987 Annotated Official Edition
Copyright © 2025 by the State of Arkansas All rights reserved",1935,Arkansas
"
History



Acts 2013, No. 1252, § 1.


Arkansas Code of 1987 Annotated Official Edition
Copyright © 2025 by the State of Arkansas All rights reserved
Previous
Next",2013,Arkansas
"
History



Acts 1997, No. 999, § 1.


Arkansas Code of 1987 Annotated Official Edition
Copyright © 2025 by the State of Arkansas All rights reserved",1997,Arkansas
"
History



Acts 2021, No. 694, § 1.


Arkansas Code of 1987 Annotated Official Edition
Copyright © 2025 by the State of Arkansas All rights reserved",2021,Arkansas
"
History



Acts 1985, No. 479, § 12; A.S.A. 1947, § 82-4723; Acts 2019, No. 693, § 21; 2019, No. 910, § 2763.


Arkansas Code of 1987 Annotated Official Edition
Copyright © 2025 by the State of Arkansas All rights reserved
Previous
Next",1985,Arkansas
"
History



Acts 1949, No. 159, §§ 1, 2; 1977, No. 370, § 1; 1981, No. 266, § 1; A.S.A. 1947, §§ 14-611, 14-612; Acts 1987, No. 758, § 4; 1995, No. 1319, § 2; 1997, No. 1193, § 1; 1999, No. 219, § 3; 1999, No. 675, §§ 1, 2; 1999, No. 1309, § 1; 1999, No. 1310, § 1; 2001, No. 921, § 1; 2001, No. 1051, § 1; 2003, No. 1297, § 1; 2005, No. 859, § 4; 2009, No. 813, § 1; 2015, No. 1059, § 2; 2017, No. 725, §§ 3, 4; 2019, No. 422, § 3; 2019, No. 612, § 1; 2019, No. 910, § 6238; 2019, No. 1075, §§ 3-6; 2021, No. 440, §§ 5, 6; 2023, No. 336, §§ 1, 2.


Arkansas Code of 1987 Annotated Official Edition
Copyright © 2025 by the State of Arkansas All rights reserved",1949,Arkansas
"
History



Acts 1985, No. 187, §§ 1-3; A.S.A. 1947, §§ 4-1007.1, 4-1007.2, 4-1007.2n; Acts 1989 (1st Ex. Sess.), No. 116, § 11; 1991, No. 969, § 4; 1991, No. 1240, § 4.


Arkansas Code of 1987 Annotated Official Edition
Copyright © 2025 by the State of Arkansas All rights reserved",1985,Arkansas
"
History



Acts 1981, No. 7, § 3; A.S.A. 1947, § 5-938; Acts 1997, No. 540, § 36; 2017, No. 271, § 7; 2019, No. 910, § 3056.


Arkansas Code of 1987 Annotated Official Edition
Copyright © 2025 by the State of Arkansas All rights reserved",1981,Arkansas
"
History



Acts 1975, No. 142, § 4; 1975 (Extended Sess., 1976), No. 1224, § 1; 1977, No. 446, § 2; 1981, No. 857, § 1; 1981 (1st Ex. Sess.), No. 18, § 3; 1981 (1st Ex. Sess.), No. 23, § 8(b); 1985, No. 973, §§ 1, 2; A.S.A. 1947, §§ 20-1704, 20-1704.2; Acts 1987, No. 929, § 1; reen. Acts 1987, No. 1012, § 1; Acts 1989, No. 55, § 1; 1991, No. 279, § 1; 1993, No. 349, § 1; 1997, No. 208, § 10.


Arkansas Code of 1987 Annotated Official Edition
Copyright © 2025 by the State of Arkansas All rights reserved",1975,Arkansas
"
History



Acts 1965, No. 4, § 1; A.S.A. 1947, § 73-275; Acts 2023, No. 701, § 1.


Arkansas Code of 1987 Annotated Official Edition
Copyright © 2025 by the State of Arkansas All rights reserved",1965,Arkansas
"
History



Acts 1957, No. 386, § 6; A.S.A. 1947, § 82-1406.


Arkansas Code of 1987 Annotated Official Edition
Copyright © 2025 by the State of Arkansas All rights reserved",1957,Arkansas
"
History



Acts 1939, No. 105, § 14; 1941, No. 305, § 1; 1951, No. 28, § 1; 1985, No. 881, § 1; A.S.A. 1947, § 53-114; Acts 2003, No. 964, § 1; 2009, No. 1175, § 15; 2019, No. 315, §§ 1249, 1250.


Arkansas Code of 1987 Annotated Official Edition
Copyright © 2025 by the State of Arkansas All rights reserved",1939,Arkansas
"
History



Acts 1927, No. 121, § 8; Pope's Dig., § 14480; A.S.A. 1947, § 73-2008.


Arkansas Code of 1987 Annotated Official Edition
Copyright © 2025 by the State of Arkansas All rights reserved",1927,Arkansas
"
History



Acts 2015, No. 1275, §  1.


Arkansas Code of 1987 Annotated Official Edition
Copyright © 2025 by the State of Arkansas All rights reserved",2015,Arkansas
"
History



Acts 2013, No. 532, §  1; 2017, No. 851, §§ 2-8.


Arkansas Code of 1987 Annotated Official Edition
Copyright © 2025 by the State of Arkansas All rights reserved",2013,Arkansas
"
History



Acts 1979, No. 8, § 6; A.S.A. 1947, § 4-1205n.


Arkansas Code of 1987 Annotated Official Edition
Copyright © 2025 by the State of Arkansas All rights reserved",1979,Arkansas
"
History



Acts 1981, No. 53, § 8; A.S.A. 1947, § 13-2408.


Arkansas Code of 1987 Annotated Official Edition
Copyright © 2025 by the State of Arkansas All rights reserved",1981,Arkansas
"
History



Acts 1979, No. 8, § 2; A.S.A. 1947, § 4-1202.


Arkansas Code of 1987 Annotated Official Edition
Copyright © 2025 by the State of Arkansas All rights reserved
Previous
Next",1979,Arkansas
"
History



Acts 2015, No. 1275, §  1.


Arkansas Code of 1987 Annotated Official Edition
Copyright © 2025 by the State of Arkansas All rights reserved",2015,Arkansas
"
History



Acts 1973, No. 164, § 4; 1977, No. 866, § 1; A.S.A. 1947, § 73-276.3; Acts 1999, No. 1322, § 3; 2011, No. 910, § 3; 2023, No. 361, § 1.


Arkansas Code of 1987 Annotated Official Edition
Copyright © 2025 by the State of Arkansas All rights reserved",1973,Arkansas
"
History



Acts 1999, No. 505, § 1; 2007, No. 264, § 3; 2019, No. 315, § 663.


Arkansas Code of 1987 Annotated Official Edition
Copyright © 2025 by the State of Arkansas All rights reserved",1999,Arkansas
"
History



Acts 2013, No. 1074, §  1; 2015, No. 1162, § 9.


Arkansas Code of 1987 Annotated Official Edition
Copyright © 2025 by the State of Arkansas All rights reserved",2013,Arkansas
"
History



Acts 1981, No. 53, § 6; A.S.A. 1947, § 13-2406.


Arkansas Code of 1987 Annotated Official Edition
Copyright © 2025 by the State of Arkansas All rights reserved",1981,Arkansas
"
History



Acts 2005, No. 1963, § 1; 2006 (1st Ex. Sess.), No. 11, § 1; 2007, No. 124, § 1; 2007, No. 452, § 1; 2007, No. 470, § 1; 2019, No. 315, §§ 699, 700; 2019, No. 693, § 46.


Arkansas Code of 1987 Annotated Official Edition
Copyright © 2025 by the State of Arkansas All rights reserved",2005,Arkansas
"
History



Acts 2019, No. 790, § 1.


Arkansas Code of 1987 Annotated Official Edition
Copyright © 2025 by the State of Arkansas All rights reserved",2019,Arkansas
"
History



Acts 2003, No. 366, § 1.


Arkansas Code of 1987 Annotated Official Edition
Copyright © 2025 by the State of Arkansas All rights reserved",2003,Arkansas
"
History



Acts 2009, No. 1494, § 1; 2011, No. 803, §§ 5, 6; 2017, No. 271, §§ 17-19; 2019, No. 674, § 7; 2019, No. 910, §§ 3229­3231.


Arkansas Code of 1987 Annotated Official Edition
Copyright © 2025 by the State of Arkansas All rights reserved",2009,Arkansas
"
History



Acts 1983, No. 441, § 6; A.S.A. 1947, § 19-6006; Acts 1987, No. 735, § 1.


Arkansas Code of 1987 Annotated Official Edition
Copyright © 2025 by the State of Arkansas All rights reserved",1983,Arkansas
"
History



Acts 1971, No. 222, §§ 1, 2; A.S.A. 1947, §§ 84-3105.1, 84-3105.2; Acts 2009, No. 655, § 31.


Arkansas Code of 1987 Annotated Official Edition
Copyright © 2025 by the State of Arkansas All rights reserved
Previous
Next",1971,Arkansas
"
History



Acts 1987, No. 162, § 1; 1989, No. 487, § 1; 1991, No. 783, § 1; 2015, No. 1048, § 4; 2017, No. 252, § 3; 2019, No. 805, § 19[20].


Arkansas Code of 1987 Annotated Official Edition
Copyright © 2025 by the State of Arkansas All rights reserved",1987,Arkansas
"
History



Acts 1937, No. 300, § 124; Pope's Dig., § 6784; Acts 1959, No. 307, § 51; 1965, No. 566, §§ 1, 2; A.S.A. 1947, § 75-724.


Arkansas Code of 1987 Annotated Official Edition
Copyright © 2025 by the State of Arkansas All rights reserved
Previous
Next",1937,Arkansas
"
History



Acts 1981, No. 7, § 3; A.S.A. 1947, § 5-938; Acts 1993, No. 234, § 1; 1993, No. 248, § 1; 2009, No. 1196, §§ 1, 2; 2011, No. 802, § 1; 2017, No. 271, § 8; 2019, No. 315, §§ 1093, 1094; 2019, No. 910, § 3057.


Arkansas Code of 1987 Annotated Official Edition
Copyright © 2025 by the State of Arkansas All rights reserved
Previous
Next",1981,Arkansas
"Arkansas Code of 1987 Annotated Official Edition
Copyright © 2025 by the State of Arkansas All rights reserved",Reserved,Arkansas
"
History



Acts 1985, No. 340, § 2; 1985, No. 505, § 2; A.S.A. 1947, § 13-2925.


Arkansas Code of 1987 Annotated Official Edition
Copyright © 2025 by the State of Arkansas All rights reserved",1985,Arkansas
"
History



Acts 1967, No. 305, §§ 1, 2; 1979, No. 37, § 1; 1979, No. 519, § 1; A.S.A. 1947, §§ 19-3931, 19-3932; Acts 1989, No. 108, § 1; 1993, No. 195, § 1; 2007, No. 1609, § 1.


Arkansas Code of 1987 Annotated Official Edition
Copyright © 2025 by the State of Arkansas All rights reserved",1967,Arkansas
"
History



Acts 1987, No. 110, § 3; 1997, No. 540, § 63; 1999, No. 1164, § 125; 2019, No. 315, § 1011; 2019, No. 910, §§ 3035, 3036.


Arkansas Code of 1987 Annotated Official Edition
Copyright © 2025 by the State of Arkansas All rights reserved",1987,Arkansas
"
History



Acts 2021, No. 785, § 1.


Arkansas Code of 1987 Annotated Official Edition
Copyright © 2025 by the State of Arkansas All rights reserved",2021,Arkansas
"
History



Acts 1977, No. 748, § 2; A.S.A. 1947, § 73-2502.


Arkansas Code of 1987 Annotated Official Edition
Copyright © 2025 by the State of Arkansas All rights reserved",1977,Arkansas
"
History



Acts 2005, No. 1761, § 1.


Arkansas Code of 1987 Annotated Official Edition
Copyright © 2025 by the State of Arkansas All rights reserved",2005,Arkansas
"
History



Acts 1981, No. 53, § 3; A.S.A. 1947, § 13-2403.


Arkansas Code of 1987 Annotated Official Edition
Copyright © 2025 by the State of Arkansas All rights reserved",1981,Arkansas
"
History



Acts 1957, No. 115, §§ 9, 10; 1985, No. 889, § 3; A.S.A. 1947, §§ 19-4069, 19-4070; Acts 1989, No. 495, § 1.


Arkansas Code of 1987 Annotated Official Edition
Copyright © 2025 by the State of Arkansas All rights reserved",1957,Arkansas
"
History



Acts 1927, No. 121, § 17; Pope's Dig., § 14489; A.S.A. 1947, § 73-2018.


Arkansas Code of 1987 Annotated Official Edition
Copyright © 2025 by the State of Arkansas All rights reserved",1927,Arkansas
"
History



Acts 2013, No. 1252, § 1.


Arkansas Code of 1987 Annotated Official Edition
Copyright © 2025 by the State of Arkansas All rights reserved
Previous
Next",2013,Arkansas
"
History



Acts 1981, No. 7, § 3; A.S.A. 1947, § 5-938.


Arkansas Code of 1987 Annotated Official Edition
Copyright © 2025 by the State of Arkansas All rights reserved",1981,Arkansas
"
History



Acts 1979, No. 8, § 3; A.S.A. 1947, § 4-1203; Acts 1997, No. 1354, § 19; 2009, No. 962, § 21.


Arkansas Code of 1987 Annotated Official Edition
Copyright © 2025 by the State of Arkansas All rights reserved",1979,Arkansas
"Arkansas Code of 1987 Annotated Official Edition
Copyright © 2025 by the State of Arkansas All rights reserved",1981,Arkansas
"
History



Acts 1979, No. 134, § 2; A.S.A. 1947, § 52-936; Acts 1999, No. 1164, § 142; 2011, No. 279, § 1; 2019, No. 315, § 1171; 2019, No. 910, § 3137.


Arkansas Code of 1987 Annotated Official Edition
Copyright © 2025 by the State of Arkansas All rights reserved",1979,Arkansas
"
History



Acts 1987, No. 796, §§ 4, 5.


Arkansas Code of 1987 Annotated Official Edition
Copyright © 2025 by the State of Arkansas All rights reserved",1987,Arkansas
"
History



Acts 2015, No. 1275, §  1.


Arkansas Code of 1987 Annotated Official Edition
Copyright © 2025 by the State of Arkansas All rights reserved
Previous
Next",2015,Arkansas
"
History



Acts 2021, No. 781, § 2.


Arkansas Code of 1987 Annotated Official Edition
Copyright © 2025 by the State of Arkansas All rights reserved",2021,Arkansas
"
History



Acts 2013, No. 1074, §  1.


Arkansas Code of 1987 Annotated Official Edition
Copyright © 2025 by the State of Arkansas All rights reserved",2013,Arkansas
"
History



Acts 2023, No. 611, § 1.


Arkansas Code of 1987 Annotated Official Edition
Copyright © 2025 by the State of Arkansas All rights reserved
Previous
Next",2023,Arkansas
"
History



Acts 1991, No. 747, § 1; 1993, No. 1127, § 2; 1995, No. 511, § 3; 1999, No. 1164, § 77; 2019, No. 910, §§ 2676, 2677.


Arkansas Code of 1987 Annotated Official Edition
Copyright © 2025 by the State of Arkansas All rights reserved",1991,Arkansas
"
History



Acts 1981 (Ex. Sess.), No. 17, §§ 7, 11; A.S.A. 1947, §§ 19-5807, 19-5811.


Arkansas Code of 1987 Annotated Official Edition
Copyright © 2025 by the State of Arkansas All rights reserved",1981,Arkansas
"
History



Acts 2005, No. 1770, § 1.


Arkansas Code of 1987 Annotated Official Edition
Copyright © 2025 by the State of Arkansas All rights reserved",2005,Arkansas
"Arkansas Code of 1987 Annotated Official Edition
Copyright © 2025 by the State of Arkansas All rights reserved",Repealed,Arkansas
"
History



Acts 2013, No. 1074, §  1; 2015, No. 1162, § 7.


Arkansas Code of 1987 Annotated Official Edition
Copyright © 2025 by the State of Arkansas All rights reserved",2013,Arkansas
"
History



Acts 2011, No. 1042, § 1.


Arkansas Code of 1987 Annotated Official Edition
Copyright © 2025 by the State of Arkansas All rights reserved",2011,Arkansas
"
History



Acts 1967, No. 234, § 1; A.S.A. 1947, § 73-202.1.


Arkansas Code of 1987 Annotated Official Edition
Copyright © 2025 by the State of Arkansas All rights reserved",1967,Arkansas
"
History



Acts 1989, No. 172, § 11; 1993, No. 810, § 7; 2019, No. 693, § 23; 2019, No. 910, § 2800.


Arkansas Code of 1987 Annotated Official Edition
Copyright © 2025 by the State of Arkansas All rights reserved",1989,Arkansas
