Statute,Document Link,state
Section 35.82,https://www.legislature.mi.gov/Home/GetObject?objectName=mcl-35-82&highlight=energy&queryID=170095218,Michigan
Section 125.1508a,https://www.legislature.mi.gov/Home/GetObject?objectName=mcl-125-1508a&highlight=energy&queryID=170095218,Michigan
Section 445.2028,https://www.legislature.mi.gov/Home/GetObject?objectName=mcl-445-2028&highlight=energy&queryID=170095218,Michigan
Section 141.433a,https://www.legislature.mi.gov/Home/GetObject?objectName=mcl-141-433a&highlight=energy&queryID=170095218,Michigan
Section 125.2002,https://www.legislature.mi.gov/Home/GetObject?objectName=mcl-125-2002&highlight=energy&queryID=170095218,Michigan
Section 560.210,https://www.legislature.mi.gov/Home/GetObject?objectName=mcl-560-210&highlight=energy&queryID=170095218,Michigan
Section 750.222,https://www.legislature.mi.gov/Home/GetObject?objectName=mcl-750-222&highlight=energy&queryID=170095218,Michigan
Section 460.843,https://www.legislature.mi.gov/Home/GetObject?objectName=mcl-460-843&highlight=energy&queryID=170095218,Michigan
Section 460.801,https://www.legislature.mi.gov/Home/GetObject?objectName=mcl-460-801&highlight=energy&queryID=170095218,Michigan
Section 339.5737,https://www.legislature.mi.gov/Home/GetObject?objectName=mcl-339-5737&highlight=energy&queryID=170095218,Michigan
Act 34 of 1984,https://www.legislature.mi.gov/Home/GetObject?objectName=mcl-Act-34-of-1984&highlight=energy&queryID=170095218,Michigan
Section 324.30701,https://www.legislature.mi.gov/Home/GetObject?objectName=mcl-324-30701&highlight=energy&queryID=170095218,Michigan
Section 460.6a,https://www.legislature.mi.gov/Home/GetObject?objectName=mcl-460-6a&highlight=energy&queryID=170095218,Michigan
Section 460.937,https://www.legislature.mi.gov/Home/GetObject?objectName=mcl-460-937&highlight=energy&queryID=170095218,Michigan
Section 324.32901,https://www.legislature.mi.gov/Home/GetObject?objectName=mcl-324-32901&highlight=energy&queryID=170095218,Michigan
295-2008-7.,https://www.legislature.mi.gov/Home/GetObject?objectName=mcl-295-2008-7.&highlight=energy&queryID=170095218,Michigan
Section 125.3503,https://www.legislature.mi.gov/Home/GetObject?objectName=mcl-125-3503&highlight=energy&queryID=170095218,Michigan
Section 333.26202,https://www.legislature.mi.gov/Home/GetObject?objectName=mcl-333-26202&highlight=energy&queryID=170095218,Michigan
Section 3.991,https://www.legislature.mi.gov/Home/GetObject?objectName=mcl-3-991&highlight=energy&queryID=170095218,Michigan
Act 108 of 2023,https://www.legislature.mi.gov/Home/GetObject?objectName=mcl-Act-108-of-2023&highlight=energy&queryID=170095218,Michigan
Section 125.4403,https://www.legislature.mi.gov/Home/GetObject?objectName=mcl-125-4403&highlight=energy&queryID=170095218,Michigan
Section 125.2001,https://www.legislature.mi.gov/Home/GetObject?objectName=mcl-125-2001&highlight=energy&queryID=170095218,Michigan
Section 141.881a,https://www.legislature.mi.gov/Home/GetObject?objectName=mcl-141-881a&highlight=energy&queryID=170095218,Michigan
Section 560.290,https://www.legislature.mi.gov/Home/GetObject?objectName=mcl-560-290&highlight=energy&queryID=170095218,Michigan
Section 324.19103,https://www.legislature.mi.gov/Home/GetObject?objectName=mcl-324-19103&highlight=energy&queryID=170095218,Michigan
Section 10.84,https://www.legislature.mi.gov/Home/GetObject?objectName=mcl-10-84&highlight=energy&queryID=170095218,Michigan
Section 41.75b,https://www.legislature.mi.gov/Home/GetObject?objectName=mcl-41-75b&highlight=energy&queryID=170095218,Michigan
295-2008-2-B.,https://www.legislature.mi.gov/Home/GetObject?objectName=mcl-295-2008-2-B.&highlight=energy&queryID=170095218,Michigan
Section 460.1035,https://www.legislature.mi.gov/Home/GetObject?objectName=mcl-460-1035&highlight=energy&queryID=170095218,Michigan
Section 324.11104,https://www.legislature.mi.gov/Home/GetObject?objectName=mcl-324-11104&highlight=energy&queryID=170095218,Michigan
Section 460.821,https://www.legislature.mi.gov/Home/GetObject?objectName=mcl-460-821&highlight=energy&queryID=170095218,Michigan
Act 1 of 1974,https://www.legislature.mi.gov/Home/GetObject?objectName=mcl-Act-1-of-1974&highlight=energy&queryID=170095218,Michigan
Section 324.14501,https://www.legislature.mi.gov/Home/GetObject?objectName=mcl-324-14501&highlight=energy&queryID=170095218,Michigan
Section 559.307,https://www.legislature.mi.gov/Home/GetObject?objectName=mcl-559-307&highlight=energy&queryID=170095218,Michigan
Section 560.224a,https://www.legislature.mi.gov/Home/GetObject?objectName=mcl-560-224a&highlight=energy&queryID=170095218,Michigan
Section 460.6j,https://www.legislature.mi.gov/Home/GetObject?objectName=mcl-460-6j&highlight=energy&queryID=170095218,Michigan
Section 324.12102a,https://www.legislature.mi.gov/Home/GetObject?objectName=mcl-324-12102a&highlight=energy&queryID=170095218,Michigan
Section 290.649i,https://www.legislature.mi.gov/Home/GetObject?objectName=mcl-290-649i&highlight=energy&queryID=170095218,Michigan
Section 10.85,https://www.legislature.mi.gov/Home/GetObject?objectName=mcl-10-85&highlight=energy&queryID=170095218,Michigan
Section 460.1211,https://www.legislature.mi.gov/Home/GetObject?objectName=mcl-460-1211&highlight=energy&queryID=170095218,Michigan
Section 460.6h,https://www.legislature.mi.gov/Home/GetObject?objectName=mcl-460-6h&highlight=energy&queryID=170095218,Michigan
Section 324.20101,https://www.legislature.mi.gov/Home/GetObject?objectName=mcl-324-20101&highlight=energy&queryID=170095218,Michigan
Section 560.255b,https://www.legislature.mi.gov/Home/GetObject?objectName=mcl-560-255b&highlight=energy&queryID=170095218,Michigan
Section 205.94cc,https://www.legislature.mi.gov/Home/GetObject?objectName=mcl-205-94cc&highlight=energy&queryID=170095218,Michigan
Section 207.803,https://www.legislature.mi.gov/Home/GetObject?objectName=mcl-207-803&highlight=energy&queryID=170095218,Michigan
Section 338.3385,https://www.legislature.mi.gov/Home/GetObject?objectName=mcl-338-3385&highlight=energy&queryID=170095218,Michigan
Section 460.1072,https://www.legislature.mi.gov/Home/GetObject?objectName=mcl-460-1072&highlight=energy&queryID=170095218,Michigan
Section 207.823,https://www.legislature.mi.gov/Home/GetObject?objectName=mcl-207-823&highlight=energy&queryID=170095218,Michigan
Section 460.1049,https://www.legislature.mi.gov/Home/GetObject?objectName=mcl-460-1049&highlight=energy&queryID=170095218,Michigan
Section 460.1133,https://www.legislature.mi.gov/Home/GetObject?objectName=mcl-460-1133&highlight=energy&queryID=170095218,Michigan
Section 3.801,https://www.legislature.mi.gov/Home/GetObject?objectName=mcl-3-801&highlight=energy&queryID=170095218,Michigan
Section 206.527a,https://www.legislature.mi.gov/Home/GetObject?objectName=mcl-206-527a&highlight=energy&queryID=170095218,Michigan
Section 460.1203,https://www.legislature.mi.gov/Home/GetObject?objectName=mcl-460-1203&highlight=energy&queryID=170095218,Michigan
Section 389.121,https://www.legislature.mi.gov/Home/GetObject?objectName=mcl-389-121&highlight=energy&queryID=170095218,Michigan
Section 388.1812,https://www.legislature.mi.gov/Home/GetObject?objectName=mcl-388-1812&highlight=energy&queryID=170095218,Michigan
Section 290.649g,https://www.legislature.mi.gov/Home/GetObject?objectName=mcl-290-649g&highlight=energy&queryID=170095218,Michigan
Section 408.917,https://www.legislature.mi.gov/Home/GetObject?objectName=mcl-408-917&highlight=energy&queryID=170095218,Michigan
Section 484.2316,https://www.legislature.mi.gov/Home/GetObject?objectName=mcl-484-2316&highlight=energy&queryID=170095218,Michigan
Section 208.1429,https://www.legislature.mi.gov/Home/GetObject?objectName=mcl-208-1429&highlight=energy&queryID=170095218,Michigan
Section 290.641,https://www.legislature.mi.gov/Home/GetObject?objectName=mcl-290-641&highlight=energy&queryID=170095218,Michigan
Section 125.2232,https://www.legislature.mi.gov/Home/GetObject?objectName=mcl-125-2232&highlight=energy&queryID=170095218,Michigan
Section 460.1033,https://www.legislature.mi.gov/Home/GetObject?objectName=mcl-460-1033&highlight=energy&queryID=170095218,Michigan
Act 238 of 1923,https://www.legislature.mi.gov/Home/GetObject?objectName=mcl-Act-238-of-1923&highlight=energy&queryID=170095218,Michigan
Section 560.102,https://www.legislature.mi.gov/Home/GetObject?objectName=mcl-560-102&highlight=energy&queryID=170095218,Michigan
Section 290.649l,https://www.legislature.mi.gov/Home/GetObject?objectName=mcl-290-649l&highlight=energy&queryID=170095218,Michigan
Section 460.1083,https://www.legislature.mi.gov/Home/GetObject?objectName=mcl-460-1083&highlight=energy&queryID=170095218,Michigan
Section 257.929,https://www.legislature.mi.gov/Home/GetObject?objectName=mcl-257-929&highlight=energy&queryID=170095218,Michigan
Section 460.9r,https://www.legislature.mi.gov/Home/GetObject?objectName=mcl-460-9r&highlight=energy&queryID=170095218,Michigan
Section 408.208,https://www.legislature.mi.gov/Home/GetObject?objectName=mcl-408-208&highlight=energy&queryID=170095218,Michigan
Section 211.78m,https://www.legislature.mi.gov/Home/GetObject?objectName=mcl-211-78m&highlight=energy&queryID=170095218,Michigan
Section 324.19112,https://www.legislature.mi.gov/Home/GetObject?objectName=mcl-324-19112&highlight=energy&queryID=170095218,Michigan
Section 324.62102,https://www.legislature.mi.gov/Home/GetObject?objectName=mcl-324-62102&highlight=energy&queryID=170095218,Michigan
Section 3.817,https://www.legislature.mi.gov/Home/GetObject?objectName=mcl-3-817&highlight=energy&queryID=170095218,Michigan
Section 324.5301,https://www.legislature.mi.gov/Home/GetObject?objectName=mcl-324-5301&highlight=energy&queryID=170095218,Michigan
Section 324.36104e,https://www.legislature.mi.gov/Home/GetObject?objectName=mcl-324-36104e&highlight=energy&queryID=170095218,Michigan
Section 400.1207,https://www.legislature.mi.gov/Home/GetObject?objectName=mcl-400-1207&highlight=energy&queryID=170095218,Michigan
Section 333.13506,https://www.legislature.mi.gov/Home/GetObject?objectName=mcl-333-13506&highlight=energy&queryID=170095218,Michigan
Section 12.194,https://www.legislature.mi.gov/Home/GetObject?objectName=mcl-12-194&highlight=energy&queryID=170095218,Michigan
295-2008-4.,https://www.legislature.mi.gov/Home/GetObject?objectName=mcl-295-2008-4.&highlight=energy&queryID=170095218,Michigan
Section 389.122a,https://www.legislature.mi.gov/Home/GetObject?objectName=mcl-389-122a&highlight=energy&queryID=170095218,Michigan
Section 290.649a,https://www.legislature.mi.gov/Home/GetObject?objectName=mcl-290-649a&highlight=energy&queryID=170095218,Michigan
Section 324.99923,https://www.legislature.mi.gov/Home/GetObject?objectName=mcl-324-99923&highlight=energy&queryID=170095218,Michigan
Section 560.173,https://www.legislature.mi.gov/Home/GetObject?objectName=mcl-560-173&highlight=energy&queryID=170095218,Michigan
Section 290.649k,https://www.legislature.mi.gov/Home/GetObject?objectName=mcl-290-649k&highlight=energy&queryID=170095218,Michigan
Section 484.3331,https://www.legislature.mi.gov/Home/GetObject?objectName=mcl-484-3331&highlight=energy&queryID=170095218,Michigan
Section 125.4411b,https://www.legislature.mi.gov/Home/GetObject?objectName=mcl-125-4411b&highlight=energy&queryID=170095218,Michigan
Section 460.945,https://www.legislature.mi.gov/Home/GetObject?objectName=mcl-460-945&highlight=energy&queryID=170095218,Michigan
Section 38.2803,https://www.legislature.mi.gov/Home/GetObject?objectName=mcl-38-2803&highlight=energy&queryID=170095218,Michigan
Section 460.969,https://www.legislature.mi.gov/Home/GetObject?objectName=mcl-460-969&highlight=energy&queryID=170095218,Michigan
Section 333.17951,https://www.legislature.mi.gov/Home/GetObject?objectName=mcl-333-17951&highlight=energy&queryID=170095218,Michigan
Section 18.1720,https://www.legislature.mi.gov/Home/GetObject?objectName=mcl-18-1720&highlight=energy&queryID=170095218,Michigan
Section 324.61701,https://www.legislature.mi.gov/Home/GetObject?objectName=mcl-324-61701&highlight=energy&queryID=170095218,Michigan
Section 484.2401,https://www.legislature.mi.gov/Home/GetObject?objectName=mcl-484-2401&highlight=energy&queryID=170095218,Michigan
Section 451.2102,https://www.legislature.mi.gov/Home/GetObject?objectName=mcl-451-2102&highlight=energy&queryID=170095218,Michigan
Section 206.262,https://www.legislature.mi.gov/Home/GetObject?objectName=mcl-206-262&highlight=energy&queryID=170095218,Michigan
Section 324.5501,https://www.legislature.mi.gov/Home/GetObject?objectName=mcl-324-5501&highlight=energy&queryID=170095218,Michigan
Section 338.3723,https://www.legislature.mi.gov/Home/GetObject?objectName=mcl-338-3723&highlight=energy&queryID=170095218,Michigan
Section 78.24b,https://www.legislature.mi.gov/Home/GetObject?objectName=mcl-78-24b&highlight=energy&queryID=170095218,Michigan
Section 339.5705,https://www.legislature.mi.gov/Home/GetObject?objectName=mcl-339-5705&highlight=energy&queryID=170095218,Michigan
Section 207.564,https://www.legislature.mi.gov/Home/GetObject?objectName=mcl-207-564&highlight=energy&queryID=170095218,Michigan
Section 208.1430,https://www.legislature.mi.gov/Home/GetObject?objectName=mcl-208-1430&highlight=energy&queryID=170095218,Michigan
Act 3 of 1939,https://www.legislature.mi.gov/Home/GetObject?objectName=mcl-Act-3-of-1939&highlight=energy&queryID=170095218,Michigan
Section 125.3203,https://www.legislature.mi.gov/Home/GetObject?objectName=mcl-125-3203&highlight=energy&queryID=170095218,Michigan
Section 287.714,https://www.legislature.mi.gov/Home/GetObject?objectName=mcl-287-714&highlight=energy&queryID=170095218,Michigan
Section 324.16704,https://www.legislature.mi.gov/Home/GetObject?objectName=mcl-324-16704&highlight=energy&queryID=170095218,Michigan
Section 460.1025,https://www.legislature.mi.gov/Home/GetObject?objectName=mcl-460-1025&highlight=energy&queryID=170095218,Michigan
Section 460.1209,https://www.legislature.mi.gov/Home/GetObject?objectName=mcl-460-1209&highlight=energy&queryID=170095218,Michigan
Section 560.257,https://www.legislature.mi.gov/Home/GetObject?objectName=mcl-560-257&highlight=energy&queryID=170095218,Michigan
Section 460.6w,https://www.legislature.mi.gov/Home/GetObject?objectName=mcl-460-6w&highlight=energy&queryID=170095218,Michigan
Section 205.54ee,https://www.legislature.mi.gov/Home/GetObject?objectName=mcl-205-54ee&highlight=energy&queryID=170095218,Michigan
Section 460.1097,https://www.legislature.mi.gov/Home/GetObject?objectName=mcl-460-1097&highlight=energy&queryID=170095218,Michigan
Section 380.1903,https://www.legislature.mi.gov/Home/GetObject?objectName=mcl-380-1903&highlight=energy&queryID=170095218,Michigan
Section 324.11503,https://www.legislature.mi.gov/Home/GetObject?objectName=mcl-324-11503&highlight=energy&queryID=170095218,Michigan
Section 460.824,https://www.legislature.mi.gov/Home/GetObject?objectName=mcl-460-824&highlight=energy&queryID=170095218,Michigan
Section 333.7111,https://www.legislature.mi.gov/Home/GetObject?objectName=mcl-333-7111&highlight=energy&queryID=170095218,Michigan
Section 333.26220,https://www.legislature.mi.gov/Home/GetObject?objectName=mcl-333-26220&highlight=energy&queryID=170095218,Michigan
Section 125.2088t,https://www.legislature.mi.gov/Home/GetObject?objectName=mcl-125-2088t&highlight=energy&queryID=170095218,Michigan
Section 141.891a,https://www.legislature.mi.gov/Home/GetObject?objectName=mcl-141-891a&highlight=energy&queryID=170095218,Michigan
Act 278 of 1977,https://www.legislature.mi.gov/Home/GetObject?objectName=mcl-Act-278-of-1977&highlight=energy&queryID=170095218,Michigan
Section 324.14701,https://www.legislature.mi.gov/Home/GetObject?objectName=mcl-324-14701&highlight=energy&queryID=170095218,Michigan
Section 750.43a,https://www.legislature.mi.gov/Home/GetObject?objectName=mcl-750-43a&highlight=energy&queryID=170095218,Michigan
Section 259.788,https://www.legislature.mi.gov/Home/GetObject?objectName=mcl-259-788&highlight=energy&queryID=170095218,Michigan
Section 722.110,https://www.legislature.mi.gov/Home/GetObject?objectName=mcl-722-110&highlight=energy&queryID=170095218,Michigan
Section 125.4412c,https://www.legislature.mi.gov/Home/GetObject?objectName=mcl-125-4412c&highlight=energy&queryID=170095218,Michigan
Section 460.836a,https://www.legislature.mi.gov/Home/GetObject?objectName=mcl-460-836a&highlight=energy&queryID=170095218,Michigan
Section 10.83,https://www.legislature.mi.gov/Home/GetObject?objectName=mcl-10-83&highlight=energy&queryID=170095218,Michigan
Section 339.5805,https://www.legislature.mi.gov/Home/GetObject?objectName=mcl-339-5805&highlight=energy&queryID=170095218,Michigan
Section 460.1087,https://www.legislature.mi.gov/Home/GetObject?objectName=mcl-460-1087&highlight=energy&queryID=170095218,Michigan
Section 400.1233,https://www.legislature.mi.gov/Home/GetObject?objectName=mcl-400-1233&highlight=energy&queryID=170095218,Michigan
Act 68 of 2024,https://www.legislature.mi.gov/Home/GetObject?objectName=mcl-Act-68-of-2024&highlight=energy&queryID=170095218,Michigan
Section 460.6l,https://www.legislature.mi.gov/Home/GetObject?objectName=mcl-460-6l&highlight=energy&queryID=170095218,Michigan
Section 460.9t,https://www.legislature.mi.gov/Home/GetObject?objectName=mcl-460-9t&highlight=energy&queryID=170095218,Michigan
Section 211.1160,https://www.legislature.mi.gov/Home/GetObject?objectName=mcl-211-1160&highlight=energy&queryID=170095218,Michigan
Section 205.54h,https://www.legislature.mi.gov/Home/GetObject?objectName=mcl-205-54h&highlight=energy&queryID=170095218,Michigan
Section 125.2688a,https://www.legislature.mi.gov/Home/GetObject?objectName=mcl-125-2688a&highlight=energy&queryID=170095218,Michigan
Section 324.14512,https://www.legislature.mi.gov/Home/GetObject?objectName=mcl-324-14512&highlight=energy&queryID=170095218,Michigan
Section 460.6s,https://www.legislature.mi.gov/Home/GetObject?objectName=mcl-460-6s&highlight=energy&queryID=170095218,Michigan
Section 18.1254,https://www.legislature.mi.gov/Home/GetObject?objectName=mcl-18-1254&highlight=energy&queryID=170095218,Michigan
Section 484.2102,https://www.legislature.mi.gov/Home/GetObject?objectName=mcl-484-2102&highlight=energy&queryID=170095218,Michigan
Section 408.915,https://www.legislature.mi.gov/Home/GetObject?objectName=mcl-408-915&highlight=energy&queryID=170095218,Michigan
Section 24.265,https://www.legislature.mi.gov/Home/GetObject?objectName=mcl-24-265&highlight=energy&queryID=170095218,Michigan
Section 460.1079,https://www.legislature.mi.gov/Home/GetObject?objectName=mcl-460-1079&highlight=energy&queryID=170095218,Michigan
Section 460.1007,https://www.legislature.mi.gov/Home/GetObject?objectName=mcl-460-1007&highlight=energy&queryID=170095218,Michigan
Section 324.99921,https://www.legislature.mi.gov/Home/GetObject?objectName=mcl-324-99921&highlight=energy&queryID=170095218,Michigan
Section 2.101,https://www.legislature.mi.gov/Home/GetObject?objectName=mcl-2-101&highlight=energy&queryID=170095218,Michigan
Act 625 of 2012,https://www.legislature.mi.gov/Home/GetObject?objectName=mcl-Act-625-of-2012&highlight=energy&queryID=170095218,Michigan
Section 324.19108,https://www.legislature.mi.gov/Home/GetObject?objectName=mcl-324-19108&highlight=energy&queryID=170095218,Michigan
Section 460.10hh,https://www.legislature.mi.gov/Home/GetObject?objectName=mcl-460-10hh&highlight=energy&queryID=170095218,Michigan
Section 460.1028,https://www.legislature.mi.gov/Home/GetObject?objectName=mcl-460-1028&highlight=energy&queryID=170095218,Michigan
Section 460.1032,https://www.legislature.mi.gov/Home/GetObject?objectName=mcl-460-1032&highlight=energy&queryID=170095218,Michigan
Act 270 of 2010,https://www.legislature.mi.gov/Home/GetObject?objectName=mcl-Act-270-of-2010&highlight=energy&queryID=170095218,Michigan
Section 460.941,https://www.legislature.mi.gov/Home/GetObject?objectName=mcl-460-941&highlight=energy&queryID=170095218,Michigan
Section 460.1043,https://www.legislature.mi.gov/Home/GetObject?objectName=mcl-460-1043&highlight=energy&queryID=170095218,Michigan
Section 493.51,https://www.legislature.mi.gov/Home/GetObject?objectName=mcl-493-51&highlight=energy&queryID=170095218,Michigan
Section 333.17957,https://www.legislature.mi.gov/Home/GetObject?objectName=mcl-333-17957&highlight=energy&queryID=170095218,Michigan
Section 460.1039,https://www.legislature.mi.gov/Home/GetObject?objectName=mcl-460-1039&highlight=energy&queryID=170095218,Michigan
Section 445.2011,https://www.legislature.mi.gov/Home/GetObject?objectName=mcl-445-2011&highlight=energy&queryID=170095218,Michigan
Section 460.1071,https://www.legislature.mi.gov/Home/GetObject?objectName=mcl-460-1071&highlight=energy&queryID=170095218,Michigan
Section 460.1075,https://www.legislature.mi.gov/Home/GetObject?objectName=mcl-460-1075&highlight=energy&queryID=170095218,Michigan
Section 460.1207,https://www.legislature.mi.gov/Home/GetObject?objectName=mcl-460-1207&highlight=energy&queryID=170095218,Michigan
Section 257.320a,https://www.legislature.mi.gov/Home/GetObject?objectName=mcl-257-320a&highlight=energy&queryID=170095218,Michigan
Section 560.151,https://www.legislature.mi.gov/Home/GetObject?objectName=mcl-560-151&highlight=energy&queryID=170095218,Michigan
Act 297 of 2010,https://www.legislature.mi.gov/Home/GetObject?objectName=mcl-Act-297-of-2010&highlight=energy&queryID=170095218,Michigan
Section 207.822,https://www.legislature.mi.gov/Home/GetObject?objectName=mcl-207-822&highlight=energy&queryID=170095218,Michigan
Section 460.22,https://www.legislature.mi.gov/Home/GetObject?objectName=mcl-460-22&highlight=energy&queryID=170095218,Michigan
Section 21.272,https://www.legislature.mi.gov/Home/GetObject?objectName=mcl-21-272&highlight=energy&queryID=170095218,Michigan
Section 125.1603,https://www.legislature.mi.gov/Home/GetObject?objectName=mcl-125-1603&highlight=energy&queryID=170095218,Michigan
Section 400.1234a,https://www.legislature.mi.gov/Home/GetObject?objectName=mcl-400-1234a&highlight=energy&queryID=170095218,Michigan
Section 460.1051,https://www.legislature.mi.gov/Home/GetObject?objectName=mcl-460-1051&highlight=energy&queryID=170095218,Michigan
Section 400.1215,https://www.legislature.mi.gov/Home/GetObject?objectName=mcl-400-1215&highlight=energy&queryID=170095218,Michigan
Section 400.1236,https://www.legislature.mi.gov/Home/GetObject?objectName=mcl-400-1236&highlight=energy&queryID=170095218,Michigan
Section 257.1813,https://www.legislature.mi.gov/Home/GetObject?objectName=mcl-257-1813&highlight=energy&queryID=170095218,Michigan
Section 18.304,https://www.legislature.mi.gov/Home/GetObject?objectName=mcl-18-304&highlight=energy&queryID=170095218,Michigan
Section 21.603,https://www.legislature.mi.gov/Home/GetObject?objectName=mcl-21-603&highlight=energy&queryID=170095218,Michigan
Section 37.123,https://www.legislature.mi.gov/Home/GetObject?objectName=mcl-37-123&highlight=energy&queryID=170095218,Michigan
Section 125.1513f,https://www.legislature.mi.gov/Home/GetObject?objectName=mcl-125-1513f&highlight=energy&queryID=170095218,Michigan
Section 460.10g,https://www.legislature.mi.gov/Home/GetObject?objectName=mcl-460-10g&highlight=energy&queryID=170095218,Michigan
Section 211.8,https://www.legislature.mi.gov/Home/GetObject?objectName=mcl-211-8&highlight=energy&queryID=170095218,Michigan
Section 460.840,https://www.legislature.mi.gov/Home/GetObject?objectName=mcl-460-840&highlight=energy&queryID=170095218,Michigan
Section 559.303,https://www.legislature.mi.gov/Home/GetObject?objectName=mcl-559-303&highlight=energy&queryID=170095218,Michigan
Section 257.629b,https://www.legislature.mi.gov/Home/GetObject?objectName=mcl-257-629b&highlight=energy&queryID=170095218,Michigan
Section 18.1722,https://www.legislature.mi.gov/Home/GetObject?objectName=mcl-18-1722&highlight=energy&queryID=170095218,Michigan
Section 460.1001,https://www.legislature.mi.gov/Home/GetObject?objectName=mcl-460-1001&highlight=energy&queryID=170095218,Michigan
Section 460.10t,https://www.legislature.mi.gov/Home/GetObject?objectName=mcl-460-10t&highlight=energy&queryID=170095218,Michigan
Section 460.1149,https://www.legislature.mi.gov/Home/GetObject?objectName=mcl-460-1149&highlight=energy&queryID=170095218,Michigan
Section 750.282a,https://www.legislature.mi.gov/Home/GetObject?objectName=mcl-750-282a&highlight=energy&queryID=170095218,Michigan
Section 290.649b,https://www.legislature.mi.gov/Home/GetObject?objectName=mcl-290-649b&highlight=energy&queryID=170095218,Michigan
Section 460.1003,https://www.legislature.mi.gov/Home/GetObject?objectName=mcl-460-1003&highlight=energy&queryID=170095218,Michigan
Section 125.1995,https://www.legislature.mi.gov/Home/GetObject?objectName=mcl-125-1995&highlight=energy&queryID=170095218,Michigan
Section 777.16b,https://www.legislature.mi.gov/Home/GetObject?objectName=mcl-777-16b&highlight=energy&queryID=170095218,Michigan
Section 18.1711,https://www.legislature.mi.gov/Home/GetObject?objectName=mcl-18-1711&highlight=energy&queryID=170095218,Michigan
Section 141.1321a,https://www.legislature.mi.gov/Home/GetObject?objectName=mcl-141-1321a&highlight=energy&queryID=170095218,Michigan
Section 290.649d,https://www.legislature.mi.gov/Home/GetObject?objectName=mcl-290-649d&highlight=energy&queryID=170095218,Michigan
Section 460.804,https://www.legislature.mi.gov/Home/GetObject?objectName=mcl-460-804&highlight=energy&queryID=170095218,Michigan
Section 460.949,https://www.legislature.mi.gov/Home/GetObject?objectName=mcl-460-949&highlight=energy&queryID=170095218,Michigan
Section 21.142b,https://www.legislature.mi.gov/Home/GetObject?objectName=mcl-21-142b&highlight=energy&queryID=170095218,Michigan
Section 400.1156,https://www.legislature.mi.gov/Home/GetObject?objectName=mcl-400-1156&highlight=energy&queryID=170095218,Michigan
Section 211.9j,https://www.legislature.mi.gov/Home/GetObject?objectName=mcl-211-9j&highlight=energy&queryID=170095218,Michigan
Section 207.559,https://www.legislature.mi.gov/Home/GetObject?objectName=mcl-207-559&highlight=energy&queryID=170095218,Michigan
Section 460.6v,https://www.legislature.mi.gov/Home/GetObject?objectName=mcl-460-6v&highlight=energy&queryID=170095218,Michigan
Section 324.8307f,https://www.legislature.mi.gov/Home/GetObject?objectName=mcl-324-8307f&highlight=energy&queryID=170095218,Michigan
Section 750.305a,https://www.legislature.mi.gov/Home/GetObject?objectName=mcl-750-305a&highlight=energy&queryID=170095218,Michigan
Section 290.649j,https://www.legislature.mi.gov/Home/GetObject?objectName=mcl-290-649j&highlight=energy&queryID=170095218,Michigan
Section 460.1221,https://www.legislature.mi.gov/Home/GetObject?objectName=mcl-460-1221&highlight=energy&queryID=170095218,Michigan
Section 324.61501,https://www.legislature.mi.gov/Home/GetObject?objectName=mcl-324-61501&highlight=energy&queryID=170095218,Michigan
Section 445.2001,https://www.legislature.mi.gov/Home/GetObject?objectName=mcl-445-2001&highlight=energy&queryID=170095218,Michigan
Section 460.1081,https://www.legislature.mi.gov/Home/GetObject?objectName=mcl-460-1081&highlight=energy&queryID=170095218,Michigan
Section 560.242,https://www.legislature.mi.gov/Home/GetObject?objectName=mcl-560-242&highlight=energy&queryID=170095218,Michigan
Section 286.946,https://www.legislature.mi.gov/Home/GetObject?objectName=mcl-286-946&highlight=energy&queryID=170095218,Michigan
Section 211.1151,https://www.legislature.mi.gov/Home/GetObject?objectName=mcl-211-1151&highlight=energy&queryID=170095218,Michigan
Section 124.546,https://www.legislature.mi.gov/Home/GetObject?objectName=mcl-124-546&highlight=energy&queryID=170095218,Michigan
Section 211.91,https://www.legislature.mi.gov/Home/GetObject?objectName=mcl-211-91&highlight=energy&queryID=170095218,Michigan
Act 615 of 2012,https://www.legislature.mi.gov/Home/GetObject?objectName=mcl-Act-615-of-2012&highlight=energy&queryID=170095218,Michigan
Section 400.1235,https://www.legislature.mi.gov/Home/GetObject?objectName=mcl-400-1235&highlight=energy&queryID=170095218,Michigan
Section 211.1153,https://www.legislature.mi.gov/Home/GetObject?objectName=mcl-211-1153&highlight=energy&queryID=170095218,Michigan
Section 460.1073,https://www.legislature.mi.gov/Home/GetObject?objectName=mcl-460-1073&highlight=energy&queryID=170095218,Michigan
Section 460.1085,https://www.legislature.mi.gov/Home/GetObject?objectName=mcl-460-1085&highlight=energy&queryID=170095218,Michigan
Section 129.312,https://www.legislature.mi.gov/Home/GetObject?objectName=mcl-129-312&highlight=energy&queryID=170095218,Michigan
Section 460.1011,https://www.legislature.mi.gov/Home/GetObject?objectName=mcl-460-1011&highlight=energy&queryID=170095218,Michigan
Section 460.1101,https://www.legislature.mi.gov/Home/GetObject?objectName=mcl-460-1101&highlight=energy&queryID=170095218,Michigan
Section 460.10h,https://www.legislature.mi.gov/Home/GetObject?objectName=mcl-460-10h&highlight=energy&queryID=170095218,Michigan
Section 3.818,https://www.legislature.mi.gov/Home/GetObject?objectName=mcl-3-818&highlight=energy&queryID=170095218,Michigan
Section 141.1361,https://www.legislature.mi.gov/Home/GetObject?objectName=mcl-141-1361&highlight=energy&queryID=170095218,Michigan
Section 388.1611aa,https://www.legislature.mi.gov/Home/GetObject?objectName=mcl-388-1611aa&highlight=energy&queryID=170095218,Michigan
Section 324.14511,https://www.legislature.mi.gov/Home/GetObject?objectName=mcl-324-14511&highlight=energy&queryID=170095218,Michigan
Section 460.1093,https://www.legislature.mi.gov/Home/GetObject?objectName=mcl-460-1093&highlight=energy&queryID=170095218,Michigan
Section 18.1241b,https://www.legislature.mi.gov/Home/GetObject?objectName=mcl-18-1241b&highlight=energy&queryID=170095218,Michigan
295-2008-3.,https://www.legislature.mi.gov/Home/GetObject?objectName=mcl-295-2008-3.&highlight=energy&queryID=170095218,Michigan
Section 400.1231,https://www.legislature.mi.gov/Home/GetObject?objectName=mcl-400-1231&highlight=energy&queryID=170095218,Michigan
Section 460.10gg,https://www.legislature.mi.gov/Home/GetObject?objectName=mcl-460-10gg&highlight=energy&queryID=170095218,Michigan
Section 211.9f,https://www.legislature.mi.gov/Home/GetObject?objectName=mcl-211-9f&highlight=energy&queryID=170095218,Michigan
Section 125.2088s,https://www.legislature.mi.gov/Home/GetObject?objectName=mcl-125-2088s&highlight=energy&queryID=170095218,Michigan
Section 211.1152,https://www.legislature.mi.gov/Home/GetObject?objectName=mcl-211-1152&highlight=energy&queryID=170095218,Michigan
Section 252.317a,https://www.legislature.mi.gov/Home/GetObject?objectName=mcl-252-317a&highlight=energy&queryID=170095218,Michigan
Section 125.1504,https://www.legislature.mi.gov/Home/GetObject?objectName=mcl-125-1504&highlight=energy&queryID=170095218,Michigan
Section 333.12521,https://www.legislature.mi.gov/Home/GetObject?objectName=mcl-333-12521&highlight=energy&queryID=170095218,Michigan
Section 18.1719,https://www.legislature.mi.gov/Home/GetObject?objectName=mcl-18-1719&highlight=energy&queryID=170095218,Michigan
Section 125.1502a,https://www.legislature.mi.gov/Home/GetObject?objectName=mcl-125-1502a&highlight=energy&queryID=170095218,Michigan
Section 21.602,https://www.legislature.mi.gov/Home/GetObject?objectName=mcl-21-602&highlight=energy&queryID=170095218,Michigan
Section 339.5937,https://www.legislature.mi.gov/Home/GetObject?objectName=mcl-339-5937&highlight=energy&queryID=170095218,Michigan
Section 125.4402,https://www.legislature.mi.gov/Home/GetObject?objectName=mcl-125-4402&highlight=energy&queryID=170095218,Michigan
Section 460.6n,https://www.legislature.mi.gov/Home/GetObject?objectName=mcl-460-6n&highlight=energy&queryID=170095218,Michigan
Section 18.302,https://www.legislature.mi.gov/Home/GetObject?objectName=mcl-18-302&highlight=energy&queryID=170095218,Michigan
Section 460.961,https://www.legislature.mi.gov/Home/GetObject?objectName=mcl-460-961&highlight=energy&queryID=170095218,Michigan
Section 18.1718,https://www.legislature.mi.gov/Home/GetObject?objectName=mcl-18-1718&highlight=energy&queryID=170095218,Michigan
Section 460.912,https://www.legislature.mi.gov/Home/GetObject?objectName=mcl-460-912&highlight=energy&queryID=170095218,Michigan
Section 207.826,https://www.legislature.mi.gov/Home/GetObject?objectName=mcl-207-826&highlight=energy&queryID=170095218,Michigan
Section 324.99919,https://www.legislature.mi.gov/Home/GetObject?objectName=mcl-324-99919&highlight=energy&queryID=170095218,Michigan
Section 324.61901,https://www.legislature.mi.gov/Home/GetObject?objectName=mcl-324-61901&highlight=energy&queryID=170095218,Michigan
Section 324.30103,https://www.legislature.mi.gov/Home/GetObject?objectName=mcl-324-30103&highlight=energy&queryID=170095218,Michigan
Section 460.1191,https://www.legislature.mi.gov/Home/GetObject?objectName=mcl-460-1191&highlight=energy&queryID=170095218,Michigan
Section 486.253,https://www.legislature.mi.gov/Home/GetObject?objectName=mcl-486-253&highlight=energy&queryID=170095218,Michigan
Section 324.51113,https://www.legislature.mi.gov/Home/GetObject?objectName=mcl-324-51113&highlight=energy&queryID=170095218,Michigan
Section 460.1061,https://www.legislature.mi.gov/Home/GetObject?objectName=mcl-460-1061&highlight=energy&queryID=170095218,Michigan
Section 29.493,https://www.legislature.mi.gov/Home/GetObject?objectName=mcl-29-493&highlight=energy&queryID=170095218,Michigan
Section 125.3205,https://www.legislature.mi.gov/Home/GetObject?objectName=mcl-125-3205&highlight=energy&queryID=170095218,Michigan
Section 460.911,https://www.legislature.mi.gov/Home/GetObject?objectName=mcl-460-911&highlight=energy&queryID=170095218,Michigan
Section 460.947,https://www.legislature.mi.gov/Home/GetObject?objectName=mcl-460-947&highlight=energy&queryID=170095218,Michigan
Section 559.305,https://www.legislature.mi.gov/Home/GetObject?objectName=mcl-559-305&highlight=energy&queryID=170095218,Michigan
Section 125.2652,https://www.legislature.mi.gov/Home/GetObject?objectName=mcl-125-2652&highlight=energy&queryID=170095218,Michigan
Section 460.1037,https://www.legislature.mi.gov/Home/GetObject?objectName=mcl-460-1037&highlight=energy&queryID=170095218,Michigan
Section 333.26211,https://www.legislature.mi.gov/Home/GetObject?objectName=mcl-333-26211&highlight=energy&queryID=170095218,Michigan
Section 460.9d,https://www.legislature.mi.gov/Home/GetObject?objectName=mcl-460-9d&highlight=energy&queryID=170095218,Michigan
Section 18.1113,https://www.legislature.mi.gov/Home/GetObject?objectName=mcl-18-1113&highlight=energy&queryID=170095218,Michigan
Section 400.1232,https://www.legislature.mi.gov/Home/GetObject?objectName=mcl-400-1232&highlight=energy&queryID=170095218,Michigan
Section 460.10r,https://www.legislature.mi.gov/Home/GetObject?objectName=mcl-460-10r&highlight=energy&queryID=170095218,Michigan
Section 125.4412,https://www.legislature.mi.gov/Home/GetObject?objectName=mcl-125-4412&highlight=energy&queryID=170095218,Michigan
Section 460.1145,https://www.legislature.mi.gov/Home/GetObject?objectName=mcl-460-1145&highlight=energy&queryID=170095218,Michigan
Section 290.644a,https://www.legislature.mi.gov/Home/GetObject?objectName=mcl-290-644a&highlight=energy&queryID=170095218,Michigan
Section 324.53515,https://www.legislature.mi.gov/Home/GetObject?objectName=mcl-324-53515&highlight=energy&queryID=170095218,Michigan
Section 333.26254,https://www.legislature.mi.gov/Home/GetObject?objectName=mcl-333-26254&highlight=energy&queryID=170095218,Michigan
Section 400.1208,https://www.legislature.mi.gov/Home/GetObject?objectName=mcl-400-1208&highlight=energy&queryID=170095218,Michigan
Section 460.931,https://www.legislature.mi.gov/Home/GetObject?objectName=mcl-460-931&highlight=energy&queryID=170095218,Michigan
Section 324.74102a,https://www.legislature.mi.gov/Home/GetObject?objectName=mcl-324-74102a&highlight=energy&queryID=170095218,Michigan
Article IV ยง 50,https://www.legislature.mi.gov/Home/GetObject?objectName=mcl-Article-IV-50&highlight=energy&queryID=170095218,Michigan
Section 46.11c,https://www.legislature.mi.gov/Home/GetObject?objectName=mcl-46-11c&highlight=energy&queryID=170095218,Michigan
Section 460.1053,https://www.legislature.mi.gov/Home/GetObject?objectName=mcl-460-1053&highlight=energy&queryID=170095218,Michigan
Section 124.765,https://www.legislature.mi.gov/Home/GetObject?objectName=mcl-124-765&highlight=energy&queryID=170095218,Michigan
Section 460.901,https://www.legislature.mi.gov/Home/GetObject?objectName=mcl-460-901&highlight=energy&queryID=170095218,Michigan
Section 460.9q,https://www.legislature.mi.gov/Home/GetObject?objectName=mcl-460-9q&highlight=energy&queryID=170095218,Michigan
Section 211.34d,https://www.legislature.mi.gov/Home/GetObject?objectName=mcl-211-34d&highlight=energy&queryID=170095218,Michigan
Section 125.3504,https://www.legislature.mi.gov/Home/GetObject?objectName=mcl-125-3504&highlight=energy&queryID=170095218,Michigan
Section 460.10dd,https://www.legislature.mi.gov/Home/GetObject?objectName=mcl-460-10dd&highlight=energy&queryID=170095218,Michigan
Section 324.33102,https://www.legislature.mi.gov/Home/GetObject?objectName=mcl-324-33102&highlight=energy&queryID=170095218,Michigan
Section 3.812,https://www.legislature.mi.gov/Home/GetObject?objectName=mcl-3-812&highlight=energy&queryID=170095218,Michigan
Section 559.309,https://www.legislature.mi.gov/Home/GetObject?objectName=mcl-559-309&highlight=energy&queryID=170095218,Michigan
Section 339.6007,https://www.legislature.mi.gov/Home/GetObject?objectName=mcl-339-6007&highlight=energy&queryID=170095218,Michigan
Section 400.1234,https://www.legislature.mi.gov/Home/GetObject?objectName=mcl-400-1234&highlight=energy&queryID=170095218,Michigan
Section 18.1723,https://www.legislature.mi.gov/Home/GetObject?objectName=mcl-18-1723&highlight=energy&queryID=170095218,Michigan
Section 445.2029,https://www.legislature.mi.gov/Home/GetObject?objectName=mcl-445-2029&highlight=energy&queryID=170095218,Michigan
Section 460.965,https://www.legislature.mi.gov/Home/GetObject?objectName=mcl-460-965&highlight=energy&queryID=170095218,Michigan
Section 18.1716,https://www.legislature.mi.gov/Home/GetObject?objectName=mcl-18-1716&highlight=energy&queryID=170095218,Michigan
Section 460.1226,https://www.legislature.mi.gov/Home/GetObject?objectName=mcl-460-1226&highlight=energy&queryID=170095218,Michigan
Section 460.1175,https://www.legislature.mi.gov/Home/GetObject?objectName=mcl-460-1175&highlight=energy&queryID=170095218,Michigan
Section 460.1021,https://www.legislature.mi.gov/Home/GetObject?objectName=mcl-460-1021&highlight=energy&queryID=170095218,Michigan
Section 125.2233,https://www.legislature.mi.gov/Home/GetObject?objectName=mcl-125-2233&highlight=energy&queryID=170095218,Michigan
Section 18.1717,https://www.legislature.mi.gov/Home/GetObject?objectName=mcl-18-1717&highlight=energy&queryID=170095218,Michigan
Section 460.1029,https://www.legislature.mi.gov/Home/GetObject?objectName=mcl-460-1029&highlight=energy&queryID=170095218,Michigan
Section 560.256,https://www.legislature.mi.gov/Home/GetObject?objectName=mcl-560-256&highlight=energy&queryID=170095218,Michigan
Section 460.971,https://www.legislature.mi.gov/Home/GetObject?objectName=mcl-460-971&highlight=energy&queryID=170095218,Michigan
Section 257.705,https://www.legislature.mi.gov/Home/GetObject?objectName=mcl-257-705&highlight=energy&queryID=170095218,Michigan
Section 460.1147,https://www.legislature.mi.gov/Home/GetObject?objectName=mcl-460-1147&highlight=energy&queryID=170095218,Michigan
Section 18.1253,https://www.legislature.mi.gov/Home/GetObject?objectName=mcl-18-1253&highlight=energy&queryID=170095218,Michigan
Section 460.1080,https://www.legislature.mi.gov/Home/GetObject?objectName=mcl-460-1080&highlight=energy&queryID=170095218,Michigan
Section 125.4404,https://www.legislature.mi.gov/Home/GetObject?objectName=mcl-125-4404&highlight=energy&queryID=170095218,Michigan
Section 125.1602,https://www.legislature.mi.gov/Home/GetObject?objectName=mcl-125-1602&highlight=energy&queryID=170095218,Michigan
Section 18.1114,https://www.legislature.mi.gov/Home/GetObject?objectName=mcl-18-1114&highlight=energy&queryID=170095218,Michigan
Section 460.1013,https://www.legislature.mi.gov/Home/GetObject?objectName=mcl-460-1013&highlight=energy&queryID=170095218,Michigan
Section 460.935,https://www.legislature.mi.gov/Home/GetObject?objectName=mcl-460-935&highlight=energy&queryID=170095218,Michigan
Section 125.1994,https://www.legislature.mi.gov/Home/GetObject?objectName=mcl-125-1994&highlight=energy&queryID=170095218,Michigan
Section 408.1122,https://www.legislature.mi.gov/Home/GetObject?objectName=mcl-408-1122&highlight=energy&queryID=170095218,Michigan
Section 445.2026,https://www.legislature.mi.gov/Home/GetObject?objectName=mcl-445-2026&highlight=energy&queryID=170095218,Michigan
Section 324.5405,https://www.legislature.mi.gov/Home/GetObject?objectName=mcl-324-5405&highlight=energy&queryID=170095218,Michigan
Section 3.751,https://www.legislature.mi.gov/Home/GetObject?objectName=mcl-3-751&highlight=energy&queryID=170095218,Michigan
Act 408 of 2014,https://www.legislature.mi.gov/Home/GetObject?objectName=mcl-Act-408-of-2014&highlight=energy&queryID=170095218,Michigan
Section 380.1211,https://www.legislature.mi.gov/Home/GetObject?objectName=mcl-380-1211&highlight=energy&queryID=170095218,Michigan
Section 324.32903,https://www.legislature.mi.gov/Home/GetObject?objectName=mcl-324-32903&highlight=energy&queryID=170095218,Michigan
Section 125.2004,https://www.legislature.mi.gov/Home/GetObject?objectName=mcl-125-2004&highlight=energy&queryID=170095218,Michigan
Section 125.1421,https://www.legislature.mi.gov/Home/GetObject?objectName=mcl-125-1421&highlight=energy&queryID=170095218,Michigan
Section 16.735,https://www.legislature.mi.gov/Home/GetObject?objectName=mcl-16-735&highlight=energy&queryID=170095218,Michigan
Section 24.207,https://www.legislature.mi.gov/Home/GetObject?objectName=mcl-24-207&highlight=energy&queryID=170095218,Michigan
Section 324.11554,https://www.legislature.mi.gov/Home/GetObject?objectName=mcl-324-11554&highlight=energy&queryID=170095218,Michigan
Section 445.2025,https://www.legislature.mi.gov/Home/GetObject?objectName=mcl-445-2025&highlight=energy&queryID=170095218,Michigan
Section 460.1022,https://www.legislature.mi.gov/Home/GetObject?objectName=mcl-460-1022&highlight=energy&queryID=170095218,Michigan
Section 559.311,https://www.legislature.mi.gov/Home/GetObject?objectName=mcl-559-311&highlight=energy&queryID=170095218,Michigan
Section 460.1143,https://www.legislature.mi.gov/Home/GetObject?objectName=mcl-460-1143&highlight=energy&queryID=170095218,Michigan
Section 125.1294,https://www.legislature.mi.gov/Home/GetObject?objectName=mcl-125-1294&highlight=energy&queryID=170095218,Michigan
Section 333.7220,https://www.legislature.mi.gov/Home/GetObject?objectName=mcl-333-7220&highlight=energy&queryID=170095218,Michigan
Section 125.1291,https://www.legislature.mi.gov/Home/GetObject?objectName=mcl-125-1291&highlight=energy&queryID=170095218,Michigan
Section 324.1313,https://www.legislature.mi.gov/Home/GetObject?objectName=mcl-324-1313&highlight=energy&queryID=170095218,Michigan
Section 460.10ee,https://www.legislature.mi.gov/Home/GetObject?objectName=mcl-460-10ee&highlight=energy&queryID=170095218,Michigan
Section 460.1074,https://www.legislature.mi.gov/Home/GetObject?objectName=mcl-460-1074&highlight=energy&queryID=170095218,Michigan
Section 18.1725,https://www.legislature.mi.gov/Home/GetObject?objectName=mcl-18-1725&highlight=energy&queryID=170095218,Michigan
Section 722.113i,https://www.legislature.mi.gov/Home/GetObject?objectName=mcl-722-113i&highlight=energy&queryID=170095218,Michigan
Section 290.645,https://www.legislature.mi.gov/Home/GetObject?objectName=mcl-290-645&highlight=energy&queryID=170095218,Michigan
Section 460.1231,https://www.legislature.mi.gov/Home/GetObject?objectName=mcl-460-1231&highlight=energy&queryID=170095218,Michigan
Section 208.1460,https://www.legislature.mi.gov/Home/GetObject?objectName=mcl-208-1460&highlight=energy&queryID=170095218,Michigan
Section 486.251,https://www.legislature.mi.gov/Home/GetObject?objectName=mcl-486-251&highlight=energy&queryID=170095218,Michigan
Section 324.32701,https://www.legislature.mi.gov/Home/GetObject?objectName=mcl-324-32701&highlight=energy&queryID=170095218,Michigan
Section 339.3101,https://www.legislature.mi.gov/Home/GetObject?objectName=mcl-339-3101&highlight=energy&queryID=170095218,Michigan
Section 475.2,https://www.legislature.mi.gov/Home/GetObject?objectName=mcl-475-2&highlight=energy&queryID=170095218,Michigan
Section 400.1161,https://www.legislature.mi.gov/Home/GetObject?objectName=mcl-400-1161&highlight=energy&queryID=170095218,Michigan
Section 429.353,https://www.legislature.mi.gov/Home/GetObject?objectName=mcl-429-353&highlight=energy&queryID=170095218,Michigan
Section 141.1163,https://www.legislature.mi.gov/Home/GetObject?objectName=mcl-141-1163&highlight=energy&queryID=170095218,Michigan
Section 460.939,https://www.legislature.mi.gov/Home/GetObject?objectName=mcl-460-939&highlight=energy&queryID=170095218,Michigan
Section 400.1203,https://www.legislature.mi.gov/Home/GetObject?objectName=mcl-400-1203&highlight=energy&queryID=170095218,Michigan
Section 211.27,https://www.legislature.mi.gov/Home/GetObject?objectName=mcl-211-27&highlight=energy&queryID=170095218,Michigan
Section 290.647,https://www.legislature.mi.gov/Home/GetObject?objectName=mcl-290-647&highlight=energy&queryID=170095218,Michigan
Section 460.1077,https://www.legislature.mi.gov/Home/GetObject?objectName=mcl-460-1077&highlight=energy&queryID=170095218,Michigan
Section 208.1437,https://www.legislature.mi.gov/Home/GetObject?objectName=mcl-208-1437&highlight=energy&queryID=170095218,Michigan
Section 37.137,https://www.legislature.mi.gov/Home/GetObject?objectName=mcl-37-137&highlight=energy&queryID=170095218,Michigan
Section 460.21,https://www.legislature.mi.gov/Home/GetObject?objectName=mcl-460-21&highlight=energy&queryID=170095218,Michigan
Section 339.5901,https://www.legislature.mi.gov/Home/GetObject?objectName=mcl-339-5901&highlight=energy&queryID=170095218,Michigan
Section 429.352,https://www.legislature.mi.gov/Home/GetObject?objectName=mcl-429-352&highlight=energy&queryID=170095218,Michigan
Section 290.648,https://www.legislature.mi.gov/Home/GetObject?objectName=mcl-290-648&highlight=energy&queryID=170095218,Michigan
Act 230 of 1972,https://www.legislature.mi.gov/Home/GetObject?objectName=mcl-Act-230-of-1972&highlight=energy&queryID=170095218,Michigan
Section 205.54a,https://www.legislature.mi.gov/Home/GetObject?objectName=mcl-205-54a&highlight=energy&queryID=170095218,Michigan
Section 460.6q,https://www.legislature.mi.gov/Home/GetObject?objectName=mcl-460-6q&highlight=energy&queryID=170095218,Michigan
Section 460.1225,https://www.legislature.mi.gov/Home/GetObject?objectName=mcl-460-1225&highlight=energy&queryID=170095218,Michigan
Section 400.1209,https://www.legislature.mi.gov/Home/GetObject?objectName=mcl-400-1209&highlight=energy&queryID=170095218,Michigan
Section 211.903,https://www.legislature.mi.gov/Home/GetObject?objectName=mcl-211-903&highlight=energy&queryID=170095218,Michigan
Section 460.592,https://www.legislature.mi.gov/Home/GetObject?objectName=mcl-460-592&highlight=energy&queryID=170095218,Michigan
Section 460.10e,https://www.legislature.mi.gov/Home/GetObject?objectName=mcl-460-10e&highlight=energy&queryID=170095218,Michigan
Section 141.1431a,https://www.legislature.mi.gov/Home/GetObject?objectName=mcl-141-1431a&highlight=energy&queryID=170095218,Michigan
Act 113 of 2014,https://www.legislature.mi.gov/Home/GetObject?objectName=mcl-Act-113-of-2014&highlight=energy&queryID=170095218,Michigan
Section 324.61513,https://www.legislature.mi.gov/Home/GetObject?objectName=mcl-324-61513&highlight=energy&queryID=170095218,Michigan
Section 324.11502,https://www.legislature.mi.gov/Home/GetObject?objectName=mcl-324-11502&highlight=energy&queryID=170095218,Michigan
Section 41.75,https://www.legislature.mi.gov/Home/GetObject?objectName=mcl-41-75&highlight=energy&queryID=170095218,Michigan
Section 389.122,https://www.legislature.mi.gov/Home/GetObject?objectName=mcl-389-122&highlight=energy&queryID=170095218,Michigan
Section 324.20126,https://www.legislature.mi.gov/Home/GetObject?objectName=mcl-324-20126&highlight=energy&queryID=170095218,Michigan
Section 429.356,https://www.legislature.mi.gov/Home/GetObject?objectName=mcl-429-356&highlight=energy&queryID=170095218,Michigan
295-2008-2.,https://www.legislature.mi.gov/Home/GetObject?objectName=mcl-295-2008-2.&highlight=energy&queryID=170095218,Michigan
Section 257.710c,https://www.legislature.mi.gov/Home/GetObject?objectName=mcl-257-710c&highlight=energy&queryID=170095218,Michigan
Section 445.2030,https://www.legislature.mi.gov/Home/GetObject?objectName=mcl-445-2030&highlight=energy&queryID=170095218,Michigan
Section 460.1005,https://www.legislature.mi.gov/Home/GetObject?objectName=mcl-460-1005&highlight=energy&queryID=170095218,Michigan
Section 400.227,https://www.legislature.mi.gov/Home/GetObject?objectName=mcl-400-227&highlight=energy&queryID=170095218,Michigan
Section 750.224a,https://www.legislature.mi.gov/Home/GetObject?objectName=mcl-750-224a&highlight=energy&queryID=170095218,Michigan
Section 560.244,https://www.legislature.mi.gov/Home/GetObject?objectName=mcl-560-244&highlight=energy&queryID=170095218,Michigan
Section 125.1401,https://www.legislature.mi.gov/Home/GetObject?objectName=mcl-125-1401&highlight=energy&queryID=170095218,Michigan
Section 211.1159,https://www.legislature.mi.gov/Home/GetObject?objectName=mcl-211-1159&highlight=energy&queryID=170095218,Michigan
Section 460.10a,https://www.legislature.mi.gov/Home/GetObject?objectName=mcl-460-10a&highlight=energy&queryID=170095218,Michigan
Section 206.510,https://www.legislature.mi.gov/Home/GetObject?objectName=mcl-206-510&highlight=energy&queryID=170095218,Michigan
Section 339.5701,https://www.legislature.mi.gov/Home/GetObject?objectName=mcl-339-5701&highlight=energy&queryID=170095218,Michigan
Section 18.1712,https://www.legislature.mi.gov/Home/GetObject?objectName=mcl-18-1712&highlight=energy&queryID=170095218,Michigan
Section 460.10ff,https://www.legislature.mi.gov/Home/GetObject?objectName=mcl-460-10ff&highlight=energy&queryID=170095218,Michigan
Section 324.32904,https://www.legislature.mi.gov/Home/GetObject?objectName=mcl-324-32904&highlight=energy&queryID=170095218,Michigan
Section 324.31519,https://www.legislature.mi.gov/Home/GetObject?objectName=mcl-324-31519&highlight=energy&queryID=170095218,Michigan
Section 460.593,https://www.legislature.mi.gov/Home/GetObject?objectName=mcl-460-593&highlight=energy&queryID=170095218,Michigan
Section 208.1413,https://www.legislature.mi.gov/Home/GetObject?objectName=mcl-208-1413&highlight=energy&queryID=170095218,Michigan
Section 18.306,https://www.legislature.mi.gov/Home/GetObject?objectName=mcl-18-306&highlight=energy&queryID=170095218,Michigan
Section 460.6c,https://www.legislature.mi.gov/Home/GetObject?objectName=mcl-460-6c&highlight=energy&queryID=170095218,Michigan
Section 10.81,https://www.legislature.mi.gov/Home/GetObject?objectName=mcl-10-81&highlight=energy&queryID=170095218,Michigan
Section 207.827,https://www.legislature.mi.gov/Home/GetObject?objectName=mcl-207-827&highlight=energy&queryID=170095218,Michigan
Section 207.825,https://www.legislature.mi.gov/Home/GetObject?objectName=mcl-207-825&highlight=energy&queryID=170095218,Michigan
Section 257.698,https://www.legislature.mi.gov/Home/GetObject?objectName=mcl-257-698&highlight=energy&queryID=170095218,Michigan
Section 333.13703,https://www.legislature.mi.gov/Home/GetObject?objectName=mcl-333-13703&highlight=energy&queryID=170095218,Michigan
Section 460.1,https://www.legislature.mi.gov/Home/GetObject?objectName=mcl-460-1&highlight=energy&queryID=170095218,Michigan
Section 37.133,https://www.legislature.mi.gov/Home/GetObject?objectName=mcl-37-133&highlight=energy&queryID=170095218,Michigan
Section 445.1992,https://www.legislature.mi.gov/Home/GetObject?objectName=mcl-445-1992&highlight=energy&queryID=170095218,Michigan
Section 460.967,https://www.legislature.mi.gov/Home/GetObject?objectName=mcl-460-967&highlight=energy&queryID=170095218,Michigan
Section 125.1513a,https://www.legislature.mi.gov/Home/GetObject?objectName=mcl-125-1513a&highlight=energy&queryID=170095218,Michigan
Section 324.8708,https://www.legislature.mi.gov/Home/GetObject?objectName=mcl-324-8708&highlight=energy&queryID=170095218,Michigan
Section 10.82,https://www.legislature.mi.gov/Home/GetObject?objectName=mcl-10-82&highlight=energy&queryID=170095218,Michigan
Act 242 of 2009,https://www.legislature.mi.gov/Home/GetObject?objectName=mcl-Act-242-of-2009&highlight=energy&queryID=170095218,Michigan
Section 290.643,https://www.legislature.mi.gov/Home/GetObject?objectName=mcl-290-643&highlight=energy&queryID=170095218,Michigan
Section 324.14513,https://www.legislature.mi.gov/Home/GetObject?objectName=mcl-324-14513&highlight=energy&queryID=170095218,Michigan
Section 380.1274a,https://www.legislature.mi.gov/Home/GetObject?objectName=mcl-380-1274a&highlight=energy&queryID=170095218,Michigan
Section 211.1155,https://www.legislature.mi.gov/Home/GetObject?objectName=mcl-211-1155&highlight=energy&queryID=170095218,Michigan
Section 257.801,https://www.legislature.mi.gov/Home/GetObject?objectName=mcl-257-801&highlight=energy&queryID=170095218,Michigan
Section 460.1027,https://www.legislature.mi.gov/Home/GetObject?objectName=mcl-460-1027&highlight=energy&queryID=170095218,Michigan
Section 290.642,https://www.legislature.mi.gov/Home/GetObject?objectName=mcl-290-642&highlight=energy&queryID=170095218,Michigan
Section 125.2302,https://www.legislature.mi.gov/Home/GetObject?objectName=mcl-125-2302&highlight=energy&queryID=170095218,Michigan
Section 460.6b,https://www.legislature.mi.gov/Home/GetObject?objectName=mcl-460-6b&highlight=energy&queryID=170095218,Michigan
Act 295 of 2008,https://www.legislature.mi.gov/Home/GetObject?objectName=mcl-Act-295-of-2008&highlight=energy&queryID=170095218,Michigan
Section 460.1080a,https://www.legislature.mi.gov/Home/GetObject?objectName=mcl-460-1080a&highlight=energy&queryID=170095218,Michigan
Section 3.802,https://www.legislature.mi.gov/Home/GetObject?objectName=mcl-3-802&highlight=energy&queryID=170095218,Michigan
Section 125.2079,https://www.legislature.mi.gov/Home/GetObject?objectName=mcl-125-2079&highlight=energy&queryID=170095218,Michigan
Section 460.812,https://www.legislature.mi.gov/Home/GetObject?objectName=mcl-460-812&highlight=energy&queryID=170095218,Michigan
Section 3.813,https://www.legislature.mi.gov/Home/GetObject?objectName=mcl-3-813&highlight=energy&queryID=170095218,Michigan
Section 18.1714,https://www.legislature.mi.gov/Home/GetObject?objectName=mcl-18-1714&highlight=energy&queryID=170095218,Michigan
Section 333.27002,https://www.legislature.mi.gov/Home/GetObject?objectName=mcl-333-27002&highlight=energy&queryID=170095218,Michigan
Section 400.1157,https://www.legislature.mi.gov/Home/GetObject?objectName=mcl-400-1157&highlight=energy&queryID=170095218,Michigan
Section 460.943,https://www.legislature.mi.gov/Home/GetObject?objectName=mcl-460-943&highlight=energy&queryID=170095218,Michigan
Section 18.1721,https://www.legislature.mi.gov/Home/GetObject?objectName=mcl-18-1721&highlight=energy&queryID=170095218,Michigan
Section 460.1131,https://www.legislature.mi.gov/Home/GetObject?objectName=mcl-460-1131&highlight=energy&queryID=170095218,Michigan
Section 460.1091,https://www.legislature.mi.gov/Home/GetObject?objectName=mcl-460-1091&highlight=energy&queryID=170095218,Michigan
Section 208.1434,https://www.legislature.mi.gov/Home/GetObject?objectName=mcl-208-1434&highlight=energy&queryID=170095218,Michigan
Section 460.10s,https://www.legislature.mi.gov/Home/GetObject?objectName=mcl-460-10s&highlight=energy&queryID=170095218,Michigan
Section 559.301,https://www.legislature.mi.gov/Home/GetObject?objectName=mcl-559-301&highlight=energy&queryID=170095218,Michigan
Section 324.21111,https://www.legislature.mi.gov/Home/GetObject?objectName=mcl-324-21111&highlight=energy&queryID=170095218,Michigan
Section 324.32202,https://www.legislature.mi.gov/Home/GetObject?objectName=mcl-324-32202&highlight=energy&queryID=170095218,Michigan
Section 207.824,https://www.legislature.mi.gov/Home/GetObject?objectName=mcl-207-824&highlight=energy&queryID=170095218,Michigan
Section 339.6105,https://www.legislature.mi.gov/Home/GetObject?objectName=mcl-339-6105&highlight=energy&queryID=170095218,Michigan
Section 460.1227,https://www.legislature.mi.gov/Home/GetObject?objectName=mcl-460-1227&highlight=energy&queryID=170095218,Michigan
Section 460.1089,https://www.legislature.mi.gov/Home/GetObject?objectName=mcl-460-1089&highlight=energy&queryID=170095218,Michigan
Section 400.1153,https://www.legislature.mi.gov/Home/GetObject?objectName=mcl-400-1153&highlight=energy&queryID=170095218,Michigan
Section 487.1216,https://www.legislature.mi.gov/Home/GetObject?objectName=mcl-487-1216&highlight=energy&queryID=170095218,Michigan
Section 400.561,https://www.legislature.mi.gov/Home/GetObject?objectName=mcl-400-561&highlight=energy&queryID=170095218,Michigan
Section 18.1724,https://www.legislature.mi.gov/Home/GetObject?objectName=mcl-18-1724&highlight=energy&queryID=170095218,Michigan
Section 324.33103,https://www.legislature.mi.gov/Home/GetObject?objectName=mcl-324-33103&highlight=energy&queryID=170095218,Michigan
Section 117.5f,https://www.legislature.mi.gov/Home/GetObject?objectName=mcl-117-5f&highlight=energy&queryID=170095218,Michigan
Section 445.920,https://www.legislature.mi.gov/Home/GetObject?objectName=mcl-445-920&highlight=energy&queryID=170095218,Michigan
Section 400.1206,https://www.legislature.mi.gov/Home/GetObject?objectName=mcl-400-1206&highlight=energy&queryID=170095218,Michigan
Section 460.1023,https://www.legislature.mi.gov/Home/GetObject?objectName=mcl-460-1023&highlight=energy&queryID=170095218,Michigan
Section 324.32727,https://www.legislature.mi.gov/Home/GetObject?objectName=mcl-324-32727&highlight=energy&queryID=170095218,Michigan
Section 18.1715,https://www.legislature.mi.gov/Home/GetObject?objectName=mcl-18-1715&highlight=energy&queryID=170095218,Michigan
Section 460.1078,https://www.legislature.mi.gov/Home/GetObject?objectName=mcl-460-1078&highlight=energy&queryID=170095218,Michigan
Section 460.1153,https://www.legislature.mi.gov/Home/GetObject?objectName=mcl-460-1153&highlight=energy&queryID=170095218,Michigan
295-2008-2-C.,https://www.legislature.mi.gov/Home/GetObject?objectName=mcl-295-2008-2-C.&highlight=energy&queryID=170095218,Michigan
Section 205.94o,https://www.legislature.mi.gov/Home/GetObject?objectName=mcl-205-94o&highlight=energy&queryID=170095218,Michigan
Section 460.807,https://www.legislature.mi.gov/Home/GetObject?objectName=mcl-460-807&highlight=energy&queryID=170095218,Michigan
Section 207.552,https://www.legislature.mi.gov/Home/GetObject?objectName=mcl-207-552&highlight=energy&queryID=170095218,Michigan
Section 460.1222,https://www.legislature.mi.gov/Home/GetObject?objectName=mcl-460-1222&highlight=energy&queryID=170095218,Michigan
Section 290.650,https://www.legislature.mi.gov/Home/GetObject?objectName=mcl-290-650&highlight=energy&queryID=170095218,Michigan
Section 460.1223,https://www.legislature.mi.gov/Home/GetObject?objectName=mcl-460-1223&highlight=energy&queryID=170095218,Michigan
Section 15.263a,https://www.legislature.mi.gov/Home/GetObject?objectName=mcl-15-263a&highlight=energy&queryID=170095218,Michigan
Section 68.36,https://www.legislature.mi.gov/Home/GetObject?objectName=mcl-68-36&highlight=energy&queryID=170095218,Michigan
Section 400.1154,https://www.legislature.mi.gov/Home/GetObject?objectName=mcl-400-1154&highlight=energy&queryID=170095218,Michigan
Section 460.1041,https://www.legislature.mi.gov/Home/GetObject?objectName=mcl-460-1041&highlight=energy&queryID=170095218,Michigan
Section 484.3103,https://www.legislature.mi.gov/Home/GetObject?objectName=mcl-484-3103&highlight=energy&queryID=170095218,Michigan
Section 722.113l,https://www.legislature.mi.gov/Home/GetObject?objectName=mcl-722-113l&highlight=energy&queryID=170095218,Michigan
Section 400.1205,https://www.legislature.mi.gov/Home/GetObject?objectName=mcl-400-1205&highlight=energy&queryID=170095218,Michigan
Section 389.105,https://www.legislature.mi.gov/Home/GetObject?objectName=mcl-389-105&highlight=energy&queryID=170095218,Michigan
Section 207.821,https://www.legislature.mi.gov/Home/GetObject?objectName=mcl-207-821&highlight=energy&queryID=170095218,Michigan
Section 460.933,https://www.legislature.mi.gov/Home/GetObject?objectName=mcl-460-933&highlight=energy&queryID=170095218,Michigan
Section 390.924,https://www.legislature.mi.gov/Home/GetObject?objectName=mcl-390-924&highlight=energy&queryID=170095218,Michigan
Section 211.9i,https://www.legislature.mi.gov/Home/GetObject?objectName=mcl-211-9i&highlight=energy&queryID=170095218,Michigan
Section 211.7ii,https://www.legislature.mi.gov/Home/GetObject?objectName=mcl-211-7ii&highlight=energy&queryID=170095218,Michigan
Section 460.1095,https://www.legislature.mi.gov/Home/GetObject?objectName=mcl-460-1095&highlight=energy&queryID=170095218,Michigan
Section 207.667,https://www.legislature.mi.gov/Home/GetObject?objectName=mcl-207-667&highlight=energy&queryID=170095218,Michigan
Section 324.32702,https://www.legislature.mi.gov/Home/GetObject?objectName=mcl-324-32702&highlight=energy&queryID=170095218,Michigan
Section 15.562,https://www.legislature.mi.gov/Home/GetObject?objectName=mcl-15-562&highlight=energy&queryID=170095218,Michigan
Section 460.963,https://www.legislature.mi.gov/Home/GetObject?objectName=mcl-460-963&highlight=energy&queryID=170095218,Michigan
Section 211.78g,https://www.legislature.mi.gov/Home/GetObject?objectName=mcl-211-78g&highlight=energy&queryID=170095218,Michigan
Section 211.1154,https://www.legislature.mi.gov/Home/GetObject?objectName=mcl-211-1154&highlight=energy&queryID=170095218,Michigan
Section 290.591,https://www.legislature.mi.gov/Home/GetObject?objectName=mcl-290-591&highlight=energy&queryID=170095218,Michigan
Section 324.11506,https://www.legislature.mi.gov/Home/GetObject?objectName=mcl-324-11506&highlight=energy&queryID=170095218,Michigan
Section 408.991,https://www.legislature.mi.gov/Home/GetObject?objectName=mcl-408-991&highlight=energy&queryID=170095218,Michigan
Section 440.9102,https://www.legislature.mi.gov/Home/GetObject?objectName=mcl-440-9102&highlight=energy&queryID=170095218,Michigan
Section 483.160,https://www.legislature.mi.gov/Home/GetObject?objectName=mcl-483-160&highlight=energy&queryID=170095218,Michigan
Section 460.1045,https://www.legislature.mi.gov/Home/GetObject?objectName=mcl-460-1045&highlight=energy&queryID=170095218,Michigan
Section 125.2955,https://www.legislature.mi.gov/Home/GetObject?objectName=mcl-125-2955&highlight=energy&queryID=170095218,Michigan
Section 400.1211,https://www.legislature.mi.gov/Home/GetObject?objectName=mcl-400-1211&highlight=energy&queryID=170095218,Michigan
Section 380.12b,https://www.legislature.mi.gov/Home/GetObject?objectName=mcl-380-12b&highlight=energy&queryID=170095218,Michigan
Section 460.1224,https://www.legislature.mi.gov/Home/GetObject?objectName=mcl-460-1224&highlight=energy&queryID=170095218,Michigan
Act 38 of 1979,https://www.legislature.mi.gov/Home/GetObject?objectName=mcl-Act-38-of-1979&highlight=energy&queryID=170095218,Michigan
Section 429.354,https://www.legislature.mi.gov/Home/GetObject?objectName=mcl-429-354&highlight=energy&queryID=170095218,Michigan
Section 125.3201,https://www.legislature.mi.gov/Home/GetObject?objectName=mcl-125-3201&highlight=energy&queryID=170095218,Michigan
Act 35 of 1984,https://www.legislature.mi.gov/Home/GetObject?objectName=mcl-Act-35-of-1984&highlight=energy&queryID=170095218,Michigan
Section 460.1031,https://www.legislature.mi.gov/Home/GetObject?objectName=mcl-460-1031&highlight=energy&queryID=170095218,Michigan
Section 206.902,https://www.legislature.mi.gov/Home/GetObject?objectName=mcl-206-902&highlight=energy&queryID=170095218,Michigan
Section 211.9,https://www.legislature.mi.gov/Home/GetObject?objectName=mcl-211-9&highlight=energy&queryID=170095218,Michigan
Section 211.7h,https://www.legislature.mi.gov/Home/GetObject?objectName=mcl-211-7h&highlight=energy&queryID=170095218,Michigan
Section 484.3224,https://www.legislature.mi.gov/Home/GetObject?objectName=mcl-484-3224&highlight=energy&queryID=170095218,Michigan
Section 460.1179,https://www.legislature.mi.gov/Home/GetObject?objectName=mcl-460-1179&highlight=energy&queryID=170095218,Michigan
Section 141.1053,https://www.legislature.mi.gov/Home/GetObject?objectName=mcl-141-1053&highlight=energy&queryID=170095218,Michigan
Section 460.9p,https://www.legislature.mi.gov/Home/GetObject?objectName=mcl-460-9p&highlight=energy&queryID=170095218,Michigan
Section 287.523,https://www.legislature.mi.gov/Home/GetObject?objectName=mcl-287-523&highlight=energy&queryID=170095218,Michigan
Section 445.2027,https://www.legislature.mi.gov/Home/GetObject?objectName=mcl-445-2027&highlight=energy&queryID=170095218,Michigan
Section 18.1713,https://www.legislature.mi.gov/Home/GetObject?objectName=mcl-18-1713&highlight=energy&queryID=170095218,Michigan
Section 460.10d,https://www.legislature.mi.gov/Home/GetObject?objectName=mcl-460-10d&highlight=energy&queryID=170095218,Michigan
Section 208.1431b,https://www.legislature.mi.gov/Home/GetObject?objectName=mcl-208-1431b&highlight=energy&queryID=170095218,Michigan
Section 400.1216,https://www.legislature.mi.gov/Home/GetObject?objectName=mcl-400-1216&highlight=energy&queryID=170095218,Michigan
Section 125.2683,https://www.legislature.mi.gov/Home/GetObject?objectName=mcl-125-2683&highlight=energy&queryID=170095218,Michigan
Section 324.99922,https://www.legislature.mi.gov/Home/GetObject?objectName=mcl-324-99922&highlight=energy&queryID=170095218,Michigan
Section 380.1278a,https://www.legislature.mi.gov/Home/GetObject?objectName=mcl-380-1278a&highlight=energy&queryID=170095218,Michigan
Section 460.1047,https://www.legislature.mi.gov/Home/GetObject?objectName=mcl-460-1047&highlight=energy&queryID=170095218,Michigan
Section 429.351,https://www.legislature.mi.gov/Home/GetObject?objectName=mcl-429-351&highlight=energy&queryID=170095218,Michigan
Section 205.54t,https://www.legislature.mi.gov/Home/GetObject?objectName=mcl-205-54t&highlight=energy&queryID=170095218,Michigan
Section 460.562,https://www.legislature.mi.gov/Home/GetObject?objectName=mcl-460-562&highlight=energy&queryID=170095218,Michigan
Section 16.721,https://www.legislature.mi.gov/Home/GetObject?objectName=mcl-16-721&highlight=energy&queryID=170095218,Michigan
Section 290.649h,https://www.legislature.mi.gov/Home/GetObject?objectName=mcl-290-649h&highlight=energy&queryID=170095218,Michigan
Section 324.5403,https://www.legislature.mi.gov/Home/GetObject?objectName=mcl-324-5403&highlight=energy&queryID=170095218,Michigan
Section 460.6o,https://www.legislature.mi.gov/Home/GetObject?objectName=mcl-460-6o&highlight=energy&queryID=170095218,Michigan
Section 460.1205,https://www.legislature.mi.gov/Home/GetObject?objectName=mcl-460-1205&highlight=energy&queryID=170095218,Michigan
Section 125.2688e,https://www.legislature.mi.gov/Home/GetObject?objectName=mcl-125-2688e&highlight=energy&queryID=170095218,Michigan
Section 324.2511,https://www.legislature.mi.gov/Home/GetObject?objectName=mcl-324-2511&highlight=energy&queryID=170095218,Michigan
Section 125.2688c,https://www.legislature.mi.gov/Home/GetObject?objectName=mcl-125-2688c&highlight=energy&queryID=170095218,Michigan
Section 333.27001,https://www.legislature.mi.gov/Home/GetObject?objectName=mcl-333-27001&highlight=energy&queryID=170095218,Michigan
Section 460.6aa,https://www.legislature.mi.gov/Home/GetObject?objectName=mcl-460-6aa&highlight=energy&queryID=170095218,Michigan
Act 448 of 1976,https://www.legislature.mi.gov/Home/GetObject?objectName=mcl-Act-448-of-1976&highlight=energy&queryID=170095218,Michigan
Section 460.913,https://www.legislature.mi.gov/Home/GetObject?objectName=mcl-460-913&highlight=energy&queryID=170095218,Michigan
Section 324.11514b,https://www.legislature.mi.gov/Home/GetObject?objectName=mcl-324-11514b&highlight=energy&queryID=170095218,Michigan
Section 324.5202,https://www.legislature.mi.gov/Home/GetObject?objectName=mcl-324-5202&highlight=energy&queryID=170095218,Michigan
295-2008-2-A,https://www.legislature.mi.gov/Home/GetObject?objectName=mcl-295-2008-2-A&highlight=energy&queryID=170095218,Michigan
Section 125.1998,https://www.legislature.mi.gov/Home/GetObject?objectName=mcl-125-1998&highlight=energy&queryID=170095218,Michigan
Section 208.1111,https://www.legislature.mi.gov/Home/GetObject?objectName=mcl-208-1111&highlight=energy&queryID=170095218,Michigan
Section 460.1230,https://www.legislature.mi.gov/Home/GetObject?objectName=mcl-460-1230&highlight=energy&queryID=170095218,Michigan
Section 559.313,https://www.legislature.mi.gov/Home/GetObject?objectName=mcl-559-313&highlight=energy&queryID=170095218,Michigan
Section 750.528a,https://www.legislature.mi.gov/Home/GetObject?objectName=mcl-750-528a&highlight=energy&queryID=170095218,Michigan
Section 460.6d,https://www.legislature.mi.gov/Home/GetObject?objectName=mcl-460-6d&highlight=energy&queryID=170095218,Michigan
Section 460.837,https://www.legislature.mi.gov/Home/GetObject?objectName=mcl-460-837&highlight=energy&queryID=170095218,Michigan
Section 24.266,https://www.legislature.mi.gov/Home/GetObject?objectName=mcl-24-266&highlight=energy&queryID=170095218,Michigan
Section 324.34201,https://www.legislature.mi.gov/Home/GetObject?objectName=mcl-324-34201&highlight=energy&queryID=170095218,Michigan
Section 125.2291,https://www.legislature.mi.gov/Home/GetObject?objectName=mcl-125-2291&highlight=energy&queryID=170095218,Michigan
Section 324.30305,https://www.legislature.mi.gov/Home/GetObject?objectName=mcl-324-30305&highlight=energy&queryID=170095218,Michigan
Section 399.752,https://www.legislature.mi.gov/Home/GetObject?objectName=mcl-399-752&highlight=energy&queryID=170095218,Michigan
Section 560.198,https://www.legislature.mi.gov/Home/GetObject?objectName=mcl-560-198&highlight=energy&queryID=170095218,Michigan
Section 460.6m,https://www.legislature.mi.gov/Home/GetObject?objectName=mcl-460-6m&highlight=energy&queryID=170095218,Michigan
Section 550.971,https://www.legislature.mi.gov/Home/GetObject?objectName=mcl-550-971&highlight=energy&queryID=170095218,Michigan
Section 324.11504,https://www.legislature.mi.gov/Home/GetObject?objectName=mcl-324-11504&highlight=energy&queryID=170095218,Michigan
Act 191 of 1982,https://www.legislature.mi.gov/Home/GetObject?objectName=mcl-Act-191-of-1982&highlight=energy&queryID=170095218,Michigan
Section 205.94,https://www.legislature.mi.gov/Home/GetObject?objectName=mcl-205-94&highlight=energy&queryID=170095218,Michigan
Section 400.64,https://www.legislature.mi.gov/Home/GetObject?objectName=mcl-400-64&highlight=energy&queryID=170095218,Michigan
Act 593 of 2002,https://www.legislature.mi.gov/Home/GetObject?objectName=mcl-Act-593-of-2002&highlight=energy&queryID=170095218,Michigan
Section 324.33101,https://www.legislature.mi.gov/Home/GetObject?objectName=mcl-324-33101&highlight=energy&queryID=170095218,Michigan
Section 18.1261,https://www.legislature.mi.gov/Home/GetObject?objectName=mcl-18-1261&highlight=energy&queryID=170095218,Michigan
Section 37.125,https://www.legislature.mi.gov/Home/GetObject?objectName=mcl-37-125&highlight=energy&queryID=170095218,Michigan
Section 390.922,https://www.legislature.mi.gov/Home/GetObject?objectName=mcl-390-922&highlight=energy&queryID=170095218,Michigan
Section 492.23,https://www.legislature.mi.gov/Home/GetObject?objectName=mcl-492-23&highlight=energy&queryID=170095218,Michigan
Section 290.645a,https://www.legislature.mi.gov/Home/GetObject?objectName=mcl-290-645a&highlight=energy&queryID=170095218,Michigan
Section 333.13710,https://www.legislature.mi.gov/Home/GetObject?objectName=mcl-333-13710&highlight=energy&queryID=170095218,Michigan
Section 324.2603,https://www.legislature.mi.gov/Home/GetObject?objectName=mcl-324-2603&highlight=energy&queryID=170095218,Michigan
Section 290.646,https://www.legislature.mi.gov/Home/GetObject?objectName=mcl-290-646&highlight=energy&queryID=170095218,Michigan
Section 141.871a,https://www.legislature.mi.gov/Home/GetObject?objectName=mcl-141-871a&highlight=energy&queryID=170095218,Michigan
Section 486.255,https://www.legislature.mi.gov/Home/GetObject?objectName=mcl-486-255&highlight=energy&queryID=170095218,Michigan
Section 324.12101,https://www.legislature.mi.gov/Home/GetObject?objectName=mcl-324-12101&highlight=energy&queryID=170095218,Michigan
Section 445.2012,https://www.legislature.mi.gov/Home/GetObject?objectName=mcl-445-2012&highlight=energy&queryID=170095218,Michigan
Section 3.1001,https://www.legislature.mi.gov/Home/GetObject?objectName=mcl-3-1001&highlight=energy&queryID=170095218,Michigan
Section 324.5402,https://www.legislature.mi.gov/Home/GetObject?objectName=mcl-324-5402&highlight=energy&queryID=170095218,Michigan
Section 400.1207a,https://www.legislature.mi.gov/Home/GetObject?objectName=mcl-400-1207a&highlight=energy&queryID=170095218,Michigan
Section 486.252,https://www.legislature.mi.gov/Home/GetObject?objectName=mcl-486-252&highlight=energy&queryID=170095218,Michigan
Section 324.11505,https://www.legislature.mi.gov/Home/GetObject?objectName=mcl-324-11505&highlight=energy&queryID=170095218,Michigan
Section 324.1315,https://www.legislature.mi.gov/Home/GetObject?objectName=mcl-324-1315&highlight=energy&queryID=170095218,Michigan
Section 124.751,https://www.legislature.mi.gov/Home/GetObject?objectName=mcl-124-751&highlight=energy&queryID=170095218,Michigan
Section 324.11103,https://www.legislature.mi.gov/Home/GetObject?objectName=mcl-324-11103&highlight=energy&queryID=170095218,Michigan
Section 460.831,https://www.legislature.mi.gov/Home/GetObject?objectName=mcl-460-831&highlight=energy&queryID=170095218,Michigan
Section 560.172,https://www.legislature.mi.gov/Home/GetObject?objectName=mcl-560-172&highlight=energy&queryID=170095218,Michigan
Section 257.719,https://www.legislature.mi.gov/Home/GetObject?objectName=mcl-257-719&highlight=energy&queryID=170095218,Michigan
Section 125.2088a,https://www.legislature.mi.gov/Home/GetObject?objectName=mcl-125-2088a&highlight=energy&queryID=170095218,Michigan
Section 247.661h,https://www.legislature.mi.gov/Home/GetObject?objectName=mcl-247-661h&highlight=energy&queryID=170095218,Michigan
Section 290.644,https://www.legislature.mi.gov/Home/GetObject?objectName=mcl-290-644&highlight=energy&queryID=170095218,Michigan
Section 460.809,https://www.legislature.mi.gov/Home/GetObject?objectName=mcl-460-809&highlight=energy&queryID=170095218,Michigan
Section 388.1612a,https://www.legislature.mi.gov/Home/GetObject?objectName=mcl-388-1612a&highlight=energy&queryID=170095218,Michigan
Section 324.1317,https://www.legislature.mi.gov/Home/GetObject?objectName=mcl-324-1317&highlight=energy&queryID=170095218,Michigan
Section 484.2252,https://www.legislature.mi.gov/Home/GetObject?objectName=mcl-484-2252&highlight=energy&queryID=170095218,Michigan
Section 460.1201,https://www.legislature.mi.gov/Home/GetObject?objectName=mcl-460-1201&highlight=energy&queryID=170095218,Michigan
Section 338.3383,https://www.legislature.mi.gov/Home/GetObject?objectName=mcl-338-3383&highlight=energy&queryID=170095218,Michigan
Section 290.649,https://www.legislature.mi.gov/Home/GetObject?objectName=mcl-290-649&highlight=energy&queryID=170095218,Michigan
Section 560.229,https://www.legislature.mi.gov/Home/GetObject?objectName=mcl-560-229&highlight=energy&queryID=170095218,Michigan
Section 390.921a,https://www.legislature.mi.gov/Home/GetObject?objectName=mcl-390-921a&highlight=energy&queryID=170095218,Michigan
Section 460.6t,https://www.legislature.mi.gov/Home/GetObject?objectName=mcl-460-6t&highlight=energy&queryID=170095218,Michigan
Section 408.1101,https://www.legislature.mi.gov/Home/GetObject?objectName=mcl-408-1101&highlight=energy&queryID=170095218,Michigan
