Statute,Document Link
620.035,https://revisor.mo.gov/main/PageSelect.aspx?section=620.035&bid=34884&hl=energy⁄
144.054,https://revisor.mo.gov/main/PageSelect.aspx?section=144.054&bid=54797&hl=energy⁄
135.950,https://revisor.mo.gov/main/PageSelect.aspx?section=135.950&bid=49975&hl=energy⁄
99.020,https://revisor.mo.gov/main/PageSelect.aspx?section=99.020&bid=49963&hl=energy⁄
414.412,https://revisor.mo.gov/main/PageSelect.aspx?section=414.412&bid=36069&hl=energy⁄
393.106,https://revisor.mo.gov/main/PageSelect.aspx?section=393.106&bid=49597&hl=energy⁄
260.225,https://revisor.mo.gov/main/PageSelect.aspx?section=260.225&bid=13890&hl=energy⁄
260.375,https://revisor.mo.gov/main/PageSelect.aspx?section=260.375&bid=13947&hl=energy⁄
537.340,https://revisor.mo.gov/main/PageSelect.aspx?section=537.340&bid=47828&hl=energy⁄
67.2835,https://revisor.mo.gov/main/PageSelect.aspx?section=67.2835&bid=3202&hl=energy⁄
8.810,https://revisor.mo.gov/main/PageSelect.aspx?section=8.810&bid=241&hl=energy⁄
8.807,https://revisor.mo.gov/main/PageSelect.aspx?section=8.807&bid=240&hl=energy⁄
260.035,https://revisor.mo.gov/main/PageSelect.aspx?section=260.035&bid=47717&hl=energy⁄
21.851,https://revisor.mo.gov/main/PageSelect.aspx?section=21.851&bid=35636&hl=energy⁄
67.2819,https://revisor.mo.gov/main/PageSelect.aspx?section=67.2819&bid=49557&hl=energy⁄
8.665,https://revisor.mo.gov/main/PageSelect.aspx?section=8.665&bid=216&hl=energy⁄
8.823,https://revisor.mo.gov/main/PageSelect.aspx?section=8.823&bid=246&hl=energy⁄
67.1832,https://revisor.mo.gov/main/PageSelect.aspx?section=67.1832&bid=3107&hl=energy⁄
144.526,https://revisor.mo.gov/main/PageSelect.aspx?section=144.526&bid=49986&hl=energy⁄
108.170,https://revisor.mo.gov/main/PageSelect.aspx?section=108.170&bid=34681&hl=energy⁄
68.205,https://revisor.mo.gov/main/PageSelect.aspx?section=68.205&bid=3259&hl=energy⁄
394.170,https://revisor.mo.gov/main/PageSelect.aspx?section=394.170&bid=22219&hl=energy⁄
135.963,https://revisor.mo.gov/main/PageSelect.aspx?section=135.963&bid=34683&hl=energy⁄
67.2840,https://revisor.mo.gov/main/PageSelect.aspx?section=67.2840&bid=49558&hl=energy⁄
393.301,https://revisor.mo.gov/main/PageSelect.aspx?section=393.301&bid=22113&hl=energy⁄
660.100,https://revisor.mo.gov/main/PageSelect.aspx?section=660.100&bid=31411&hl=energy⁄
135.309,https://revisor.mo.gov/main/PageSelect.aspx?section=135.309&bid=6488&hl=energy⁄
260.010,https://revisor.mo.gov/main/PageSelect.aspx?section=260.010&bid=13844&hl=energy⁄
442.012,https://revisor.mo.gov/main/PageSelect.aspx?section=442.012&bid=24410&hl=energy⁄
281.020,https://revisor.mo.gov/main/PageSelect.aspx?section=281.020&bid=49926&hl=energy⁄
260.250,https://revisor.mo.gov/main/PageSelect.aspx?section=260.250&bid=13904&hl=energy⁄
386.890,https://revisor.mo.gov/main/PageSelect.aspx?section=386.890&bid=51284&hl=energy⁄
393.1640,https://revisor.mo.gov/main/PageSelect.aspx?section=393.1640&bid=51416&hl=energy⁄
393.1705,https://revisor.mo.gov/main/PageSelect.aspx?section=393.1705&bid=49601&hl=energy⁄
259.090,https://revisor.mo.gov/main/PageSelect.aspx?section=259.090&bid=13827&hl=energy⁄
444.800,https://revisor.mo.gov/main/PageSelect.aspx?section=444.800&bid=24701&hl=energy⁄
414.365,https://revisor.mo.gov/main/PageSelect.aspx?section=414.365&bid=23737&hl=energy⁄
640.670,https://revisor.mo.gov/main/PageSelect.aspx?section=640.670&bid=31120&hl=energy⁄
393.1050,https://revisor.mo.gov/main/PageSelect.aspx?section=393.1050&bid=22200&hl=energy⁄
393.1400,https://revisor.mo.gov/main/PageSelect.aspx?section=393.1400&bid=51415&hl=energy⁄
3.090,https://revisor.mo.govhttps://revisor.mo.gov/main/OneSection.aspx?section=3.090
67.970,https://revisor.mo.gov/main/PageSelect.aspx?section=67.970&bid=2929&hl=energy⁄
91.570,https://revisor.mo.gov/main/PageSelect.aspx?section=91.570&bid=4712&hl=energy⁄
30.753,https://revisor.mo.gov/main/PageSelect.aspx?section=30.753&bid=54594&hl=energy⁄
260.475,https://revisor.mo.gov/main/PageSelect.aspx?section=260.475&bid=54066&hl=energy⁄
301.800,https://revisor.mo.gov/main/PageSelect.aspx?section=301.800&bid=15885&hl=energy⁄
394.200,https://revisor.mo.gov/main/PageSelect.aspx?section=394.200&bid=22222&hl=energy⁄
153.030,https://revisor.mo.gov/main/PageSelect.aspx?section=153.030&bid=49592&hl=energy⁄
660.110,https://revisor.mo.gov/main/PageSelect.aspx?section=660.110&bid=31413&hl=energy⁄
386.800,https://revisor.mo.gov/main/PageSelect.aspx?section=386.800&bid=49595&hl=energy⁄
393.155,https://revisor.mo.gov/main/PageSelect.aspx?section=393.155&bid=22088&hl=energy⁄
394.030,https://revisor.mo.gov/main/PageSelect.aspx?section=394.030&bid=22205&hl=energy⁄
8.805,https://revisor.mo.gov/main/PageSelect.aspx?section=8.805&bid=35994&hl=energy⁄
260.335,https://revisor.mo.gov/main/PageSelect.aspx?section=260.335&bid=13935&hl=energy⁄
348.430,https://revisor.mo.gov/main/PageSelect.aspx?section=348.430&bid=33378&hl=energy⁄
34.055,https://revisor.mo.gov/main/PageSelect.aspx?section=34.055&bid=51276&hl=energy⁄
144.810,https://revisor.mo.gov/main/PageSelect.aspx?section=144.810&bid=36023&hl=energy⁄
34.031,https://revisor.mo.gov/main/PageSelect.aspx?section=34.031&bid=893&hl=energy⁄
640.651,https://revisor.mo.gov/main/PageSelect.aspx?section=640.651&bid=36079&hl=energy⁄
393.1700,https://revisor.mo.gov/main/PageSelect.aspx?section=393.1700&bid=49600&hl=energy⁄
190.100,https://revisor.mo.gov/main/PageSelect.aspx?section=190.100&bid=53917&hl=energy⁄
70.373,https://revisor.mo.gov/main/PageSelect.aspx?section=70.373&bid=3314&hl=energy⁄
8.843,https://revisor.mo.gov/main/PageSelect.aspx?section=8.843&bid=35996&hl=energy⁄
67.2818,https://revisor.mo.gov/main/PageSelect.aspx?section=67.2818&bid=49556&hl=energy⁄
135.311,https://revisor.mo.gov/main/PageSelect.aspx?section=135.311&bid=36020&hl=energy⁄
30.760,https://revisor.mo.gov/main/PageSelect.aspx?section=30.760&bid=707&hl=energy⁄
393.1020,https://revisor.mo.gov/main/PageSelect.aspx?section=393.1020&bid=22194&hl=energy⁄
67.2800,https://revisor.mo.gov/main/PageSelect.aspx?section=67.2800&bid=49551&hl=energy⁄
575.153,https://revisor.mo.gov/main/PageSelect.aspx?section=575.153&bid=29867&hl=energy⁄
414.407,https://revisor.mo.gov/main/PageSelect.aspx?section=414.407&bid=23741&hl=energy⁄
442.404,https://revisor.mo.gov/main/PageSelect.aspx?section=442.404&bid=54742&hl=energy⁄
67.2815,https://revisor.mo.gov/main/PageSelect.aspx?section=67.2815&bid=49553&hl=energy⁄
67.2816,https://revisor.mo.gov/main/PageSelect.aspx?section=67.2816&bid=49554&hl=energy⁄
137.123,https://revisor.mo.gov/main/PageSelect.aspx?section=137.123&bid=49591&hl=energy⁄
523.010,https://revisor.mo.gov/main/PageSelect.aspx?section=523.010&bid=51161&hl=energy⁄
260.095,https://revisor.mo.gov/main/PageSelect.aspx?section=260.095&bid=13863&hl=energy⁄
8.662,https://revisor.mo.gov/main/PageSelect.aspx?section=8.662&bid=213&hl=energy⁄
8.663,https://revisor.mo.gov/main/PageSelect.aspx?section=8.663&bid=214&hl=energy⁄
260.700,https://revisor.mo.gov/main/PageSelect.aspx?section=260.700&bid=14014&hl=energy⁄
448.4-106,https://revisor.mo.gov/main/PageSelect.aspx?section=448.4-106&bid=24941&hl=energy⁄
393.298,https://revisor.mo.gov/main/PageSelect.aspx?section=393.298&bid=22110&hl=energy⁄
259.050,https://revisor.mo.gov/main/PageSelect.aspx?section=259.050&bid=13822&hl=energy⁄
135.800,https://revisor.mo.gov/main/PageSelect.aspx?section=135.800&bid=51343&hl=energy⁄
324.475,https://revisor.mo.gov/main/PageSelect.aspx?section=324.475&bid=17345&hl=energy⁄
393.715,https://revisor.mo.gov/main/PageSelect.aspx?section=393.715&bid=22139&hl=energy⁄
256.603,https://revisor.mo.gov/main/PageSelect.aspx?section=256.603&bid=13723&hl=energy⁄
393.299,https://revisor.mo.gov/main/PageSelect.aspx?section=393.299&bid=22111&hl=energy⁄
153.034,https://revisor.mo.gov/main/PageSelect.aspx?section=153.034&bid=49593&hl=energy⁄
579.082,https://revisor.mo.gov/main/PageSelect.aspx?section=579.082&bid=30236&hl=energy⁄
620.2300,https://revisor.mo.gov/main/PageSelect.aspx?section=620.2300&bid=30618&hl=energy⁄
394.130,https://revisor.mo.gov/main/PageSelect.aspx?section=394.130&bid=22215&hl=energy⁄
571.010,https://revisor.mo.gov/main/PageSelect.aspx?section=571.010&bid=54605&hl=energy⁄
8.803,https://revisor.mo.gov/main/PageSelect.aspx?section=8.803&bid=238&hl=energy⁄
701.509,https://revisor.mo.gov/main/PageSelect.aspx?section=701.509&bid=36083&hl=energy⁄
8.380,https://revisor.mo.gov/main/PageSelect.aspx?section=8.380&bid=166&hl=energy⁄
386.266,https://revisor.mo.gov/main/PageSelect.aspx?section=386.266&bid=51412&hl=energy⁄
640.660,https://revisor.mo.gov/main/PageSelect.aspx?section=640.660&bid=31116&hl=energy⁄
260.090,https://revisor.mo.gov/main/PageSelect.aspx?section=260.090&bid=13862&hl=energy⁄
260.209,https://revisor.mo.gov/main/PageSelect.aspx?section=260.209&bid=13878&hl=energy⁄
30.765,https://revisor.mo.gov/main/PageSelect.aspx?section=30.765&bid=709&hl=energy⁄
414.012,https://revisor.mo.gov/main/PageSelect.aspx?section=414.012&bid=23711&hl=energy⁄
67.309,https://revisor.mo.gov/main/PageSelect.aspx?section=67.309&bid=49590&hl=energy⁄
8.295,https://revisor.mo.gov/main/PageSelect.aspx?section=8.295&bid=154&hl=energy⁄
8.812,https://revisor.mo.gov/main/PageSelect.aspx?section=8.812&bid=242&hl=energy⁄
252.243,https://revisor.mo.gov/main/PageSelect.aspx?section=252.243&bid=13510&hl=energy⁄
260.015,https://revisor.mo.gov/main/PageSelect.aspx?section=260.015&bid=13845&hl=energy⁄
18.065,https://revisor.mo.gov/main/PageSelect.aspx?section=18.065&bid=374&hl=energy⁄
144.046,https://revisor.mo.gov/main/PageSelect.aspx?section=144.046&bid=7367&hl=energy⁄
67.288,https://revisor.mo.gov/main/PageSelect.aspx?section=67.288&bid=54686&hl=energy⁄
640.653,https://revisor.mo.gov/main/PageSelect.aspx?section=640.653&bid=36080&hl=energy⁄
137.010,https://revisor.mo.gov/main/PageSelect.aspx?section=137.010&bid=35694&hl=energy⁄
197.185,https://revisor.mo.gov/main/PageSelect.aspx?section=197.185&bid=53936&hl=energy⁄
8.231,https://revisor.mo.gov/main/PageSelect.aspx?section=8.231&bid=135&hl=energy⁄
640.157,https://revisor.mo.gov/main/PageSelect.aspx?section=640.157&bid=36077&hl=energy⁄
8.400,https://revisor.mo.gov/main/PageSelect.aspx?section=8.400&bid=168&hl=energy⁄
8.840,https://revisor.mo.gov/main/PageSelect.aspx?section=8.840&bid=252&hl=energy⁄
8.817,https://revisor.mo.gov/main/PageSelect.aspx?section=8.817&bid=244&hl=energy⁄
67.2810,https://revisor.mo.gov/main/PageSelect.aspx?section=67.2810&bid=49552&hl=energy⁄
701.503,https://revisor.mo.gov/main/PageSelect.aspx?section=701.503&bid=31695&hl=energy⁄
640.676,https://revisor.mo.gov/main/PageSelect.aspx?section=640.676&bid=31123&hl=energy⁄
393.770,https://revisor.mo.gov/main/PageSelect.aspx?section=393.770&bid=22150&hl=energy⁄
91.025,https://revisor.mo.gov/main/PageSelect.aspx?section=91.025&bid=49606&hl=energy⁄
620.1878,https://revisor.mo.gov/main/PageSelect.aspx?section=620.1878&bid=30606&hl=energy⁄
67.2825,https://revisor.mo.gov/main/PageSelect.aspx?section=67.2825&bid=3200&hl=energy⁄
8.235,https://revisor.mo.gov/main/PageSelect.aspx?section=8.235&bid=136&hl=energy⁄
30.758,https://revisor.mo.gov/main/PageSelect.aspx?section=30.758&bid=48613&hl=energy⁄
260.100,https://revisor.mo.gov/main/PageSelect.aspx?section=260.100&bid=13864&hl=energy⁄
491.725,https://revisor.mo.gov/main/PageSelect.aspx?section=491.725&bid=27219&hl=energy⁄
640.160,https://revisor.mo.gov/main/PageSelect.aspx?section=640.160&bid=36078&hl=energy⁄
8.825,https://revisor.mo.gov/main/PageSelect.aspx?section=8.825&bid=247&hl=energy⁄
30.750,https://revisor.mo.gov/main/PageSelect.aspx?section=30.750&bid=35023&hl=energy⁄
660.136,https://revisor.mo.gov/main/PageSelect.aspx?section=660.136&bid=31421&hl=energy⁄
91.026,https://revisor.mo.gov/main/PageSelect.aspx?section=91.026&bid=4670&hl=energy⁄
444.765,https://revisor.mo.gov/main/PageSelect.aspx?section=444.765&bid=24682&hl=energy⁄
701.506,https://revisor.mo.gov/main/PageSelect.aspx?section=701.506&bid=31696&hl=energy⁄
8.238,https://revisor.mo.gov/main/PageSelect.aspx?section=8.238&bid=138&hl=energy⁄
400.9-102,https://revisor.mo.gov/main/PageSelect.aspx?section=400.9-102&bid=22588&hl=energy⁄
393.1072,https://revisor.mo.gov/main/PageSelect.aspx?section=393.1072&bid=51413&hl=energy⁄
143.121,https://revisor.mo.gov/main/PageSelect.aspx?section=143.121&bid=54767&hl=energy⁄
260.805,https://revisor.mo.gov/main/PageSelect.aspx?section=260.805&bid=14024&hl=energy⁄
8.845,https://revisor.mo.gov/main/PageSelect.aspx?section=8.845&bid=254&hl=energy⁄
393.730,https://revisor.mo.gov/main/PageSelect.aspx?section=393.730&bid=22142&hl=energy⁄
100.282,https://revisor.mo.gov/main/PageSelect.aspx?section=100.282&bid=5256&hl=energy⁄
701.500,https://revisor.mo.gov/main/PageSelect.aspx?section=701.500&bid=36082&hl=energy⁄
56.445,https://revisor.mo.gov/main/PageSelect.aspx?section=56.445&bid=2048&hl=energy⁄
67.1200,https://revisor.mo.gov/main/PageSelect.aspx?section=67.1200&bid=2977&hl=energy⁄
393.1025,https://revisor.mo.gov/main/PageSelect.aspx?section=393.1025&bid=36064&hl=energy⁄
386.895,https://revisor.mo.gov/main/PageSelect.aspx?section=386.895&bid=49596&hl=energy⁄
443.909,https://revisor.mo.gov/main/PageSelect.aspx?section=443.909&bid=24612&hl=energy⁄
67.2805,https://revisor.mo.gov/main/PageSelect.aspx?section=67.2805&bid=3196&hl=energy⁄
18.060,https://revisor.mo.gov/main/PageSelect.aspx?section=18.060&bid=373&hl=energy⁄
393.1030,https://revisor.mo.gov/main/PageSelect.aspx?section=393.1030&bid=36065&hl=energy⁄
393.1075,https://revisor.mo.gov/main/PageSelect.aspx?section=393.1075&bid=34794&hl=energy⁄
640.674,https://revisor.mo.gov/main/PageSelect.aspx?section=640.674&bid=31122&hl=energy⁄
414.403,https://revisor.mo.gov/main/PageSelect.aspx?section=414.403&bid=23739&hl=energy⁄
348.251,https://revisor.mo.gov/main/PageSelect.aspx?section=348.251&bid=18572&hl=energy⁄
393.302,https://revisor.mo.gov/main/PageSelect.aspx?section=393.302&bid=22114&hl=energy⁄
8.660,https://revisor.mo.gov/main/PageSelect.aspx?section=8.660&bid=211&hl=energy⁄
8.847,https://revisor.mo.gov/main/PageSelect.aspx?section=8.847&bid=255&hl=energy⁄
640.153,https://revisor.mo.gov/main/PageSelect.aspx?section=640.153&bid=36075&hl=energy⁄
625.025,https://revisor.mo.gov/main/PageSelect.aspx?section=625.025&bid=30723&hl=energy⁄
660.122,https://revisor.mo.gov/main/PageSelect.aspx?section=660.122&bid=31416&hl=energy⁄
8.837,https://revisor.mo.gov/main/PageSelect.aspx?section=8.837&bid=251&hl=energy⁄
135.300,https://revisor.mo.gov/main/PageSelect.aspx?section=135.300&bid=6485&hl=energy⁄
135.953,https://revisor.mo.gov/main/PageSelect.aspx?section=135.953&bid=6573&hl=energy⁄
8.815,https://revisor.mo.gov/main/PageSelect.aspx?section=8.815&bid=243&hl=energy⁄
8.370,https://revisor.mo.gov/main/PageSelect.aspx?section=8.370&bid=165&hl=energy⁄
260.800,https://revisor.mo.gov/main/PageSelect.aspx?section=260.800&bid=14023&hl=energy⁄
135.686,https://revisor.mo.gov/main/PageSelect.aspx?section=135.686&bid=51517&hl=energy⁄
44.415,https://revisor.mo.gov/main/PageSelect.aspx?section=44.415&bid=1470&hl=energy⁄
394.315,https://revisor.mo.gov/main/PageSelect.aspx?section=394.315&bid=49613&hl=energy⁄
304.170,https://revisor.mo.gov/main/PageSelect.aspx?section=304.170&bid=48768&hl=energy⁄
640.155,https://revisor.mo.gov/main/PageSelect.aspx?section=640.155&bid=36076&hl=energy⁄
320.273,https://revisor.mo.gov/main/PageSelect.aspx?section=320.273&bid=17098&hl=energy⁄
393.735,https://revisor.mo.gov/main/PageSelect.aspx?section=393.735&bid=22143&hl=energy⁄
348.432,https://revisor.mo.gov/main/PageSelect.aspx?section=348.432&bid=33379&hl=energy⁄
8.390,https://revisor.mo.gov/main/PageSelect.aspx?section=8.390&bid=167&hl=energy⁄
8.800,https://revisor.mo.gov/main/PageSelect.aspx?section=8.800&bid=35993&hl=energy⁄
701.512,https://revisor.mo.gov/main/PageSelect.aspx?section=701.512&bid=31698&hl=energy⁄
414.410,https://revisor.mo.gov/main/PageSelect.aspx?section=414.410&bid=23742&hl=energy⁄
640.665,https://revisor.mo.gov/main/PageSelect.aspx?section=640.665&bid=31118&hl=energy⁄
260.200,https://revisor.mo.gov/main/PageSelect.aspx?section=260.200&bid=51146&hl=energy⁄
260.005,https://revisor.mo.gov/main/PageSelect.aspx?section=260.005&bid=13843&hl=energy⁄
393.1610,https://revisor.mo.gov/main/PageSelect.aspx?section=393.1610&bid=35105&hl=energy⁄
215.010,https://revisor.mo.gov/main/PageSelect.aspx?section=215.010&bid=11656&hl=energy⁄
67.2817,https://revisor.mo.gov/main/PageSelect.aspx?section=67.2817&bid=49555&hl=energy⁄
393.170,https://revisor.mo.gov/main/PageSelect.aspx?section=393.170&bid=35103&hl=energy⁄
8.237,https://revisor.mo.gov/main/PageSelect.aspx?section=8.237&bid=137&hl=energy⁄
144.058,https://revisor.mo.gov/main/PageSelect.aspx?section=144.058&bid=54768&hl=energy⁄
8.851,https://revisor.mo.gov/main/PageSelect.aspx?section=8.851&bid=257&hl=energy⁄
99.1000,https://revisor.mo.gov/main/PageSelect.aspx?section=99.1000&bid=5200&hl=energy⁄
640.668,https://revisor.mo.gov/main/PageSelect.aspx?section=640.668&bid=31119&hl=energy⁄
142.800,https://revisor.mo.gov/main/PageSelect.aspx?section=142.800&bid=34617&hl=energy⁄
30.756,https://revisor.mo.gov/main/PageSelect.aspx?section=30.756&bid=35024&hl=energy⁄
8.833,https://revisor.mo.gov/main/PageSelect.aspx?section=8.833&bid=249&hl=energy⁄
260.115,https://revisor.mo.gov/main/PageSelect.aspx?section=260.115&bid=13866&hl=energy⁄
640.657,https://revisor.mo.gov/main/PageSelect.aspx?section=640.657&bid=31115&hl=energy⁄
165.011,https://revisor.mo.gov/main/PageSelect.aspx?section=165.011&bid=36027&hl=energy⁄
416.041,https://revisor.mo.gov/main/PageSelect.aspx?section=416.041&bid=23774&hl=energy⁄
393.1040,https://revisor.mo.gov/main/PageSelect.aspx?section=393.1040&bid=22198&hl=energy⁄
144.030,https://revisor.mo.gov/main/PageSelect.aspx?section=144.030&bid=51523&hl=energy⁄
394.070,https://revisor.mo.gov/main/PageSelect.aspx?section=394.070&bid=22209&hl=energy⁄
414.400,https://revisor.mo.gov/main/PageSelect.aspx?section=414.400&bid=36067&hl=energy⁄
67.2820,https://revisor.mo.gov/main/PageSelect.aspx?section=67.2820&bid=3199&hl=energy⁄
427.300,https://revisor.mo.gov/main/PageSelect.aspx?section=427.300&bid=54951&hl=energy⁄
8.420,https://revisor.mo.gov/main/PageSelect.aspx?section=8.420&bid=51258&hl=energy⁄
137.100,https://revisor.mo.gov/main/PageSelect.aspx?section=137.100&bid=6666&hl=energy⁄
135.305,https://revisor.mo.gov/main/PageSelect.aspx?section=135.305&bid=51516&hl=energy⁄
640.090,https://revisor.mo.gov/main/PageSelect.aspx?section=640.090&bid=31049&hl=energy⁄
8.820,https://revisor.mo.gov/main/PageSelect.aspx?section=8.820&bid=245&hl=energy⁄
199.001,https://revisor.mo.gov/main/PageSelect.aspx?section=199.001&bid=10565&hl=energy⁄
640.663,https://revisor.mo.gov/main/PageSelect.aspx?section=640.663&bid=31117&hl=energy⁄
260.705,https://revisor.mo.gov/main/PageSelect.aspx?section=260.705&bid=14015&hl=energy⁄
30.860,https://revisor.mo.gov/main/PageSelect.aspx?section=30.860&bid=717&hl=energy⁄
178.891,https://revisor.mo.gov/main/PageSelect.aspx?section=178.891&bid=9133&hl=energy⁄
390.011,https://revisor.mo.gov/main/PageSelect.aspx?section=390.011&bid=21923&hl=energy⁄
286.121,https://revisor.mo.gov/main/PageSelect.aspx?section=286.121&bid=15019&hl=energy⁄
394.080,https://revisor.mo.gov/main/PageSelect.aspx?section=394.080&bid=34997&hl=energy⁄
394.120,https://revisor.mo.gov/main/PageSelect.aspx?section=394.120&bid=49603&hl=energy⁄
660.130,https://revisor.mo.gov/main/PageSelect.aspx?section=660.130&bid=31419&hl=energy⁄
414.510,https://revisor.mo.gov/main/PageSelect.aspx?section=414.510&bid=36071&hl=energy⁄
251.650,https://revisor.mo.gov/main/PageSelect.aspx?section=251.650&bid=13474&hl=energy⁄
67.2830,https://revisor.mo.gov/main/PageSelect.aspx?section=67.2830&bid=3201&hl=energy⁄
393.147,https://revisor.mo.gov/main/PageSelect.aspx?section=393.147&bid=22085&hl=energy⁄
386.885,https://revisor.mo.gov/main/PageSelect.aspx?section=386.885&bid=51283&hl=energy⁄
650.205,https://revisor.mo.gov/main/PageSelect.aspx?section=650.205&bid=31343&hl=energy⁄
260.360,https://revisor.mo.gov/main/PageSelect.aspx?section=260.360&bid=13941&hl=energy⁄
